DateTime,Rain
02.09.2019,0.00
01.09.2019,0.00
31.08.2019,0.50
30.08.2019,0.00
29.08.2019,0.00
28.08.2019,0.00
27.08.2019,0.00
26.08.2019,0.00
25.08.2019,0.00
24.08.2019,0.00
23.08.2019,0.00
22.08.2019,0.00
21.08.2019,0.50
20.08.2019,0.00
19.08.2019,0.00
18.08.2019,0.80
17.08.2019,15.70
16.08.2019,1.20
15.08.2019,0.20
14.08.2019,0.00
13.08.2019,0.00
12.08.2019,0.00
11.08.2019,0.00
10.08.2019,0.00
09.08.2019,0.00
08.08.2019,0.00
07.08.2019,0.00
06.08.2019,0.00
05.08.2019,0.00
04.08.2019,0.00
03.08.2019,0.20
02.08.2019,2.60
01.08.2019,0.00
31.07.2019,0.00
30.07.2019,0.00
29.07.2019,0.00
28.07.2019,0.00
27.07.2019,0.00
26.07.2019,0.00
25.07.2019,0.00
24.07.2019,3.10
23.07.2019,0.00
22.07.2019,0.00
21.07.2019,0.00
20.07.2019,0.00
19.07.2019,0.00
18.07.2019,0.00
17.07.2019,0.00
16.07.2019,0.00
15.07.2019,3.10
14.07.2019,0.00
13.07.2019,0.00
12.07.2019,0.00
11.07.2019,26.40
10.07.2019,4.30
09.07.2019,0.00
08.07.2019,0.20
07.07.2019,0.00
06.07.2019,0.00
05.07.2019,0.00
04.07.2019,0.00
03.07.2019,0.00
02.07.2019,0.00
01.07.2019,0.00
30.06.2019,0.40
29.06.2019,0.20
28.06.2019,0.00
27.06.2019,0.00
26.06.2019,0.00
25.06.2019,0.00
24.06.2019,0.00
23.06.2019,0.10
22.06.2019,0.00
21.06.2019,0.20
20.06.2019,0.10
19.06.2019,0.90
18.06.2019,0.20
17.06.2019,1.30
16.06.2019,0.10
15.06.2019,0.20
14.06.2019,0.00
13.06.2019,0.00
12.06.2019,0.00
11.06.2019,0.00
10.06.2019,0.00
09.06.2019,0.00
08.06.2019,0.00
07.06.2019,0.00
06.06.2019,0.00
05.06.2019,0.00
04.06.2019,0.40
03.06.2019,2.40
02.06.2019,3.20
01.06.2019,0.00
31.05.2019,0.00
30.05.2019,0.00
29.05.2019,0.00
28.05.2019,0.40
27.05.2019,0.00
26.05.2019,0.40
25.05.2019,5.90
24.05.2019,16.30
23.05.2019,0.00
22.05.2019,0.00
21.05.2019,0.00
20.05.2019,0.00
19.05.2019,0.00
18.05.2019,2.90
17.05.2019,17.20
16.05.2019,2.40
15.05.2019,2.80
14.05.2019,4.30
13.05.2019,0.00
12.05.2019,0.00
11.05.2019,5.80
10.05.2019,6.90
09.05.2019,0.00
08.05.2019,1.20
07.05.2019,8.90
06.05.2019,0.10
05.05.2019,3.40
04.05.2019,0.00
03.05.2019,0.00
02.05.2019,0.40
01.05.2019,0.00
30.04.2019,0.00
29.04.2019,0.30
28.04.2019,0.30
27.04.2019,0.00
26.04.2019,0.00
25.04.2019,0.00
24.04.2019,1.10
23.04.2019,0.00
22.04.2019,0.00
21.04.2019,0.00
20.04.2019,3.70
19.04.2019,1.50
18.04.2019,1.30
17.04.2019,0.00
16.04.2019,0.00
15.04.2019,0.20
14.04.2019,13.50
13.04.2019,5.70
12.04.2019,1.90
11.04.2019,6.60
10.04.2019,4.60
09.04.2019,1.70
08.04.2019,1.90
07.04.2019,0.00
06.04.2019,0.00
05.04.2019,0.00
04.04.2019,0.00
03.04.2019,0.20
02.04.2019,0.00
01.04.2019,0.10
31.03.2019,0.10
30.03.2019,0.00
29.03.2019,0.00
28.03.2019,0.00
27.03.2019,0.10
26.03.2019,0.00
25.03.2019,0.00
24.03.2019,0.00
23.03.2019,0.00
22.03.2019,0.00
21.03.2019,0.00
20.03.2019,0.00
19.03.2019,0.00
18.03.2019,0.00
17.03.2019,0.00
16.03.2019,0.00
15.03.2019,0.60
14.03.2019,0.00
13.03.2019,15.60
12.03.2019,29.00
11.03.2019,0.00
10.03.2019,0.00
09.03.2019,0.00
08.03.2019,0.00
07.03.2019,0.80
06.03.2019,10.00
05.03.2019,0.00
04.03.2019,0.00
03.03.2019,0.00
02.03.2019,3.30
01.03.2019,0.20
28.02.2019,1.10
27.02.2019,5.70
26.02.2019,0.40
25.02.2019,1.60
24.02.2019,8.00
23.02.2019,24.30
22.02.2019,0.20
21.02.2019,0.10
20.02.2019,0.00
19.02.2019,0.00
18.02.2019,0.00
17.02.2019,0.00
16.02.2019,0.80
15.02.2019,3.00
14.02.2019,0.80
13.02.2019,15.00
12.02.2019,15.70
11.02.2019,0.00
10.02.2019,0.00
09.02.2019,0.00
08.02.2019,0.00
07.02.2019,2.40
06.02.2019,1.50
05.02.2019,0.00
04.02.2019,0.00
03.02.2019,0.00
02.02.2019,0.00
01.02.2019,3.40
31.01.2019,7.60
30.01.2019,0.00
29.01.2019,0.00
28.01.2019,0.00
27.01.2019,1.50
26.01.2019,3.40
25.01.2019,0.60
24.01.2019,0.10
23.01.2019,4.70
22.01.2019,0.00
21.01.2019,0.20
20.01.2019,0.00
19.01.2019,0.00
18.01.2019,0.00
17.01.2019,0.00
16.01.2019,0.30
15.01.2019,10.70
14.01.2019,0.80
13.01.2019,0.10
12.01.2019,10.70
11.01.2019,42.00
10.01.2019,9.40
09.01.2019,1.40
08.01.2019,1.40
07.01.2019,8.40
06.01.2019,0.30
05.01.2019,14.80
04.01.2019,27.50
03.01.2019,14.50
02.01.2019,1.20
01.01.2019,0.00
31.12.2018,0.00
30.12.2018,1.19
29.12.2018,7.46
28.12.2018,0.01
27.12.2018,0.41
26.12.2018,0.33
25.12.2018,18.56
24.12.2018,0.03
23.12.2018,0.56
22.12.2018,0.00
21.12.2018,0.00
20.12.2018,0.06
19.12.2018,3.99
18.12.2018,3.88
17.12.2018,0.00
16.12.2018,0.00
15.12.2018,0.00
14.12.2018,0.00
13.12.2018,0.00
12.12.2018,4.51
11.12.2018,6.20
10.12.2018,7.16
09.12.2018,0.00
08.12.2018,0.00
07.12.2018,0.05
06.12.2018,0.00
05.12.2018,7.39
04.12.2018,0.00
03.12.2018,0.00
02.12.2018,0.00
01.12.2018,0.05
30.11.2018,0.00
29.11.2018,0.00
28.11.2018,6.64
27.11.2018,0.00
26.11.2018,0.34
25.11.2018,0.00
24.11.2018,0.14
23.11.2018,0.14
22.11.2018,2.65
21.11.2018,0.59
20.11.2018,0.25
19.11.2018,03.05
18.11.2018,4.39
17.11.2018,0.00
16.11.2018,2.75
15.11.2018,11.76
14.11.2018,1.22
13.11.2018,0.46
12.11.2018,0.00
11.11.2018,0.00
10.11.2018,0.00
09.11.2018,0.02
08.11.2018,0.23
07.11.2018,0.08
06.11.2018,0.04
05.11.2018,0.00
04.11.2018,0.00
03.11.2018,0.00
02.11.2018,0.00
01.11.2018,0.00
31.10.2018,0.00
30.10.2018,0.00
29.10.2018,0.00
28.10.2018,0.00
27.10.2018,0.00
26.10.2018,0.00
25.10.2018,0.00
24.10.2018,0.00
23.10.2018,0.12
22.10.2018,0.00
21.10.2018,0.00
20.10.2018,0.00
19.10.2018,0.00
18.10.2018,0.14
17.10.2018,0.14
16.10.2018,0.12
15.10.2018,0.78
14.10.2018,0.71
13.10.2018,0.05
12.10.2018,0.13
11.10.2018,2.78
10.10.2018,0.25
09.10.2018,0.17
08.10.2018,0.00
07.10.2018,0.00
06.10.2018,0.00
05.10.2018,0.00
04.10.2018,2.38
03.10.2018,0.02
02.10.2018,1.18
01.10.2018,0.70
30.09.2018,0.96
29.09.2018,0.00
28.09.2018,0.12
27.09.2018,0.52
26.09.2018,1.48
25.09.2018,2.17
24.09.2018,0.00
23.09.2018,0.00
22.09.2018,0.00
21.09.2018,0.00
20.09.2018,0.00
19.09.2018,0.02
18.09.2018,0.11
17.09.2018,0.00
16.09.2018,0.25
15.09.2018,0.16
14.09.2018,5.58
13.09.2018,0.12
12.09.2018,1.24
11.09.2018,0.07
10.09.2018,2.58
09.09.2018,0.00
08.09.2018,0.56
07.09.2018,0.69
06.09.2018,4.19
05.09.2018,1.65
04.09.2018,0.00
03.09.2018,0.00
02.09.2018,0.00
01.09.2018,0.00
31.08.2018,0.00
30.08.2018,0.00
29.08.2018,0.00
28.08.2018,0.37
27.08.2018,0.16
26.08.2018,0.00
25.08.2018,0.00
24.08.2018,0.00
23.08.2018,0.02
22.08.2018,0.00
21.08.2018,0.00
20.08.2018,0.00
19.08.2018,0.00
18.08.2018,0.00
17.08.2018,0.00
16.08.2018,0.00
15.08.2018,0.00
14.08.2018,0.00
13.08.2018,0.00
12.08.2018,0.00
11.08.2018,0.00
10.08.2018,0.00
09.08.2018,0.00
08.08.2018,0.00
07.08.2018,0.03
06.08.2018,0.00
05.08.2018,0.03
04.08.2018,0.00
03.08.2018,0.02
02.08.2018,0.09
01.08.2018,0.00
31.07.2018,0.11
30.07.2018,0.00
29.07.2018,0.35
28.07.2018,0.15
27.07.2018,0.25
26.07.2018,1.35
25.07.2018,0.00
24.07.2018,04.04
23.07.2018,0.06
22.07.2018,0.23
21.07.2018,0.03
20.07.2018,3.35
19.07.2018,1.52
18.07.2018,2.15
17.07.2018,0.19
16.07.2018,0.34
15.07.2018,0.32
14.07.2018,0.14
13.07.2018,0.00
12.07.2018,0.00
11.07.2018,0.00
10.07.2018,0.03
09.07.2018,0.00
08.07.2018,0.00
07.07.2018,0.00
06.07.2018,0.00
05.07.2018,0.00
04.07.2018,0.00
03.07.2018,0.00
02.07.2018,0.00
01.07.2018,1.79
30.06.2018,0.14
29.06.2018,0.48
28.06.2018,0.22
27.06.2018,1.11
26.06.2018,0.12
25.06.2018,0.00
24.06.2018,0.02
23.06.2018,1.79
22.06.2018,0.00
21.06.2018,0.01
20.06.2018,0.01
19.06.2018,0.00
18.06.2018,1.61
17.06.2018,0.00
16.06.2018,0.02
15.06.2018,0.00
14.06.2018,0.00
13.06.2018,0.00
12.06.2018,0.00
11.06.2018,0.00
10.06.2018,0.29
09.06.2018,0.00
08.06.2018,0.00
07.06.2018,0.03
06.06.2018,3.42
05.06.2018,1.83
04.06.2018,0.66
03.06.2018,0.00
02.06.2018,0.00
01.06.2018,0.00
31.05.2018,0.00
30.05.2018,0.01
29.05.2018,1.23
28.05.2018,0.13
27.05.2018,0.41
26.05.2018,0.01
25.05.2018,2.63
24.05.2018,0.00
23.05.2018,0.05
22.05.2018,0.01
21.05.2018,0.00
20.05.2018,3.49
19.05.2018,1.18
18.05.2018,0.08
17.05.2018,0.00
16.05.2018,0.00
15.05.2018,0.00
14.05.2018,0.00
13.05.2018,0.00
12.05.2018,0.28
11.05.2018,2.57
10.05.2018,02.03
09.05.2018,3.14
08.05.2018,1.83
07.05.2018,1.41
06.05.2018,0.00
05.05.2018,0.00
04.05.2018,0.00
03.05.2018,0.00
02.05.2018,0.00
01.05.2018,0.01
30.04.2018,0.00
29.04.2018,0.00
28.04.2018,0.00
27.04.2018,0.16
26.04.2018,0.03
25.04.2018,0.00
24.04.2018,0.00
23.04.2018,0.00
22.04.2018,0.00
21.04.2018,0.00
20.04.2018,2.17
19.04.2018,0.00
18.04.2018,0.00
17.04.2018,0.54
16.04.2018,0.05
15.04.2018,0.00
14.04.2018,0.00
13.04.2018,0.00
12.04.2018,0.04
11.04.2018,0.28
10.04.2018,0.00
09.04.2018,0.00
08.04.2018,0.01
07.04.2018,0.59
06.04.2018,0.15
05.04.2018,0.00
04.04.2018,0.00
03.04.2018,0.00
02.04.2018,0.61
01.04.2018,4.89
31.03.2018,0.00
30.03.2018,0.00
29.03.2018,0.00
28.03.2018,0.15
27.03.2018,1.46
26.03.2018,0.02
25.03.2018,4.57
24.03.2018,0.14
23.03.2018,0.39
22.03.2018,0.36
21.03.2018,0.08
20.03.2018,0.19
19.03.2018,1.14
18.03.2018,0.33
17.03.2018,0.00
16.03.2018,0.00
15.03.2018,0.00
14.03.2018,0.00
13.03.2018,1.70
12.03.2018,0.00
11.03.2018,0.00
10.03.2018,0.00
09.03.2018,0.01
08.03.2018,4.78
07.03.2018,1.11
06.03.2018,2.53
05.03.2018,0.00
04.03.2018,2.13
03.03.2018,2.42
02.03.2018,0.50
01.03.2018,0.62
28.02.2018,12.29
27.02.2018,0.75
26.02.2018,0.00
25.02.2018,6.26
24.02.2018,0.00
23.02.2018,0.01
22.02.2018,0.15
21.02.2018,0.00
20.02.2018,0.00
19.02.2018,0.06
18.02.2018,0.00
17.02.2018,0.31
16.02.2018,0.00
15.02.2018,0.00
14.02.2018,1.78
13.02.2018,0.00
12.02.2018,0.31
11.02.2018,4.81
10.02.2018,1.10
09.02.2018,0.00
08.02.2018,01.07
07.02.2018,0.00
06.02.2018,0.00
05.02.2018,0.00
04.02.2018,7.67
03.02.2018,0.00
02.02.2018,0.00
01.02.2018,0.00
31.01.2018,0.00
30.01.2018,0.00
29.01.2018,0.00
28.01.2018,0.00
27.01.2018,0.00
26.01.2018,0.04
25.01.2018,0.21
24.01.2018,0.51
23.01.2018,0.35
22.01.2018,0.27
21.01.2018,04.01
20.01.2018,0.34
19.01.2018,0.00
18.01.2018,6.33
17.01.2018,0.07
16.01.2018,0.14
15.01.2018,0.09
14.01.2018,0.47
13.01.2018,0.00
12.01.2018,1.53
11.01.2018,0.00
10.01.2018,0.00
09.01.2018,0.06
08.01.2018,0.00
07.01.2018,0.00
06.01.2018,0.00
05.01.2018,0.03
04.01.2018,0.00
03.01.2018,2.62
02.01.2018,0.00
01.01.2018,0.00
31.12.2017,0.00
30.12.2017,3.43
29.12.2017,2.76
28.12.2017,0.00
27.12.2017,0.00
26.12.2017,0.00
25.12.2017,0.00
24.12.2017,0.11
23.12.2017,06.03
22.12.2017,9.24
21.12.2017,2.46
20.12.2017,2.44
19.12.2017,7.54
18.12.2017,0.00
17.12.2017,2.23
16.12.2017,0.25
15.12.2017,0.00
14.12.2017,0.05
13.12.2017,0.00
12.12.2017,0.00
11.12.2017,0.00
10.12.2017,3.92
09.12.2017,0.00
08.12.2017,0.00
07.12.2017,0.00
06.12.2017,0.92
05.12.2017,1.26
04.12.2017,3.65
03.12.2017,0.00
02.12.2017,0.00
01.12.2017,0.00
30.11.2017,0.00
29.11.2017,01.01
28.11.2017,2.78
27.11.2017,0.00
26.11.2017,0.00
25.11.2017,0.00
24.11.2017,0.00
23.11.2017,0.28
22.11.2017,0.91
21.11.2017,0.72
20.11.2017,0.44
19.11.2017,1.19
18.11.2017,0.00
17.11.2017,0.02
16.11.2017,0.02
15.11.2017,0.00
14.11.2017,0.00
13.11.2017,0.00
12.11.2017,0.02
11.11.2017,0.00
10.11.2017,0.12
09.11.2017,1.65
08.11.2017,0.00
07.11.2017,0.00
06.11.2017,0.06
05.11.2017,0.01
04.11.2017,0.99
03.11.2017,0.19
02.11.2017,0.00
01.11.2017,0.00
31.10.2017,0.00
30.10.2017,4.73
29.10.2017,1.24
28.10.2017,3.27
27.10.2017,0.00
26.10.2017,1.47
25.10.2017,10.49
24.10.2017,0.75
23.10.2017,0.00
22.10.2017,0.00
21.10.2017,0.00
20.10.2017,0.00
19.10.2017,0.00
18.10.2017,0.00
17.10.2017,0.00
16.10.2017,0.00
15.10.2017,0.00
14.10.2017,1.84
13.10.2017,0.00
12.10.2017,0.00
11.10.2017,0.00
10.10.2017,0.00
09.10.2017,0.00
08.10.2017,1.81
07.10.2017,0.00
06.10.2017,0.00
05.10.2017,0.00
04.10.2017,0.00
03.10.2017,0.31
02.10.2017,0.29
01.10.2017,9.94
30.09.2017,1.35
29.09.2017,0.79
28.09.2017,0.41
27.09.2017,02.09
26.09.2017,0.93
25.09.2017,0.00
24.09.2017,0.00
23.09.2017,0.27
22.09.2017,03.01
21.09.2017,0.97
20.09.2017,0.00
19.09.2017,0.00
18.09.2017,0.00
17.09.2017,0.00
16.09.2017,0.00
15.09.2017,0.00
14.09.2017,0.00
13.09.2017,0.00
12.09.2017,0.00
11.09.2017,0.00
10.09.2017,0.00
09.09.2017,0.00
08.09.2017,0.00
07.09.2017,0.00
06.09.2017,0.22
05.09.2017,0.00
04.09.2017,0.00
03.09.2017,0.00
02.09.2017,0.00
01.09.2017,0.00
31.08.2017,0.04
30.08.2017,0.00
29.08.2017,0.01
28.08.2017,0.00
27.08.2017,0.00
26.08.2017,0.00
25.08.2017,0.00
24.08.2017,0.00
23.08.2017,0.00
22.08.2017,02.06
21.08.2017,0.00
20.08.2017,0.00
19.08.2017,0.00
18.08.2017,0.00
17.08.2017,1.63
16.08.2017,0.79
15.08.2017,0.26
14.08.2017,0.01
13.08.2017,0.00
12.08.2017,0.00
11.08.2017,0.00
10.08.2017,0.02
09.08.2017,0.01
08.08.2017,0.01
07.08.2017,0.00
06.08.2017,0.00
05.08.2017,0.00
04.08.2017,0.00
03.08.2017,0.00
02.08.2017,0.00
01.08.2017,0.00
31.07.2017,0.00
30.07.2017,0.00
29.07.2017,0.00
28.07.2017,0.38
27.07.2017,1.28
26.07.2017,0.01
25.07.2017,0.02
24.07.2017,0.00
23.07.2017,0.00
22.07.2017,0.00
21.07.2017,0.00
20.07.2017,0.00
19.07.2017,0.13
18.07.2017,16.48
17.07.2017,3.67
16.07.2017,0.12
15.07.2017,0.00
14.07.2017,01.09
13.07.2017,0.00
12.07.2017,0.00
11.07.2017,0.00
10.07.2017,0.00
09.07.2017,0.00
08.07.2017,0.00
07.07.2017,0.01
06.07.2017,0.00
05.07.2017,0.00
04.07.2017,2.18
03.07.2017,1.24
02.07.2017,0.00
01.07.2017,0.00
30.06.2017,0.00
29.06.2017,0.00
28.06.2017,0.00
27.06.2017,0.00
26.06.2017,0.00
25.06.2017,0.00
24.06.2017,0.02
23.06.2017,0.00
22.06.2017,0.06
21.06.2017,0.00
20.06.2017,0.14
19.06.2017,3.17
18.06.2017,1.42
17.06.2017,0.05
16.06.2017,0.00
15.06.2017,0.10
14.06.2017,0.00
13.06.2017,0.00
12.06.2017,0.00
11.06.2017,0.00
10.06.2017,0.95
09.06.2017,0.42
08.06.2017,1.80
07.06.2017,0.00
06.06.2017,0.03
05.06.2017,0.01
04.06.2017,0.00
03.06.2017,0.00
02.06.2017,0.78
01.06.2017,0.15
31.05.2017,4.37
30.05.2017,4.75
29.05.2017,0.00
28.05.2017,0.01
27.05.2017,0.00
26.05.2017,0.47
25.05.2017,0.48
24.05.2017,0.00
23.05.2017,0.83
22.05.2017,0.00
21.05.2017,5.37
20.05.2017,0.00
19.05.2017,0.00
18.05.2017,0.02
17.05.2017,0.57
16.05.2017,0.00
15.05.2017,0.14
14.05.2017,0.15
13.05.2017,0.03
12.05.2017,0.00
11.05.2017,0.00
10.05.2017,2.64
09.05.2017,2.90
08.05.2017,0.05
07.05.2017,1.54
06.05.2017,0.11
05.05.2017,0.28
04.05.2017,0.00
03.05.2017,0.04
02.05.2017,0.00
01.05.2017,0.06
30.04.2017,0.37
29.04.2017,0.00
28.04.2017,0.00
27.04.2017,0.00
26.04.2017,0.00
25.04.2017,0.00
24.04.2017,0.31
23.04.2017,1.42
22.04.2017,0.08
21.04.2017,0.05
20.04.2017,4.16
19.04.2017,0.01
18.04.2017,4.84
17.04.2017,2.17
16.04.2017,0.56
15.04.2017,0.00
14.04.2017,0.09
13.04.2017,0.00
12.04.2017,0.00
11.04.2017,0.00
10.04.2017,0.00
09.04.2017,0.17
08.04.2017,0.86
07.04.2017,0.59
06.04.2017,0.00
05.04.2017,01.01
04.04.2017,0.05
03.04.2017,0.00
02.04.2017,0.00
01.04.2017,0.00
31.03.2017,0.00
30.03.2017,0.00
29.03.2017,0.00
28.03.2017,0.00
27.03.2017,3.15
26.03.2017,1.30
25.03.2017,0.04
24.03.2017,0.00
23.03.2017,0.00
22.03.2017,0.00
21.03.2017,01.08
20.03.2017,0.29
19.03.2017,3.55
18.03.2017,0.00
17.03.2017,2.75
16.03.2017,0.81
15.03.2017,0.67
14.03.2017,6.92
13.03.2017,1.28
12.03.2017,0.00
11.03.2017,0.00
10.03.2017,0.00
09.03.2017,0.00
08.03.2017,0.34
07.03.2017,0.00
06.03.2017,0.00
05.03.2017,0.00
04.03.2017,0.00
03.03.2017,0.02
02.03.2017,0.34
01.03.2017,0.00
28.02.2017,0.00
27.02.2017,0.00
26.02.2017,0.85
25.02.2017,1.96
24.02.2017,0.00
23.02.2017,0.00
22.02.2017,0.05
21.02.2017,0.00
20.02.2017,4.50
19.02.2017,0.53
18.02.2017,0.00
17.02.2017,0.00
16.02.2017,0.69
15.02.2017,0.50
14.02.2017,0.69
13.02.2017,0.61
12.02.2017,0.47
11.02.2017,0.14
10.02.2017,0.00
09.02.2017,0.42
08.02.2017,0.16
07.02.2017,0.00
06.02.2017,1.70
05.02.2017,04.02
04.02.2017,0.00
03.02.2017,0.00
02.02.2017,0.00
01.02.2017,0.00
31.01.2017,0.01
30.01.2017,0.06
29.01.2017,0.04
28.01.2017,0.30
27.01.2017,0.17
26.01.2017,0.45
25.01.2017,0.11
24.01.2017,0.08
23.01.2017,0.00
22.01.2017,0.05
21.01.2017,0.21
20.01.2017,2.00
19.01.2017,2.61
18.01.2017,0.21
17.01.2017,4.45
16.01.2017,6.48
15.01.2017,9.24
14.01.2017,4.74
13.01.2017,0.00
12.01.2017,6.98
11.01.2017,1.19
10.01.2017,0.00
09.01.2017,3.64
08.01.2017,0.00
07.01.2017,1.39
06.01.2017,5.22
05.01.2017,1.42
04.01.2017,0.04
03.01.2017,0.02
02.01.2017,0.00
01.01.2017,3.96
31.12.2016,4.26
30.12.2016,7.11
29.12.2016,7.14
28.12.2016,0.21
27.12.2016,0.53
26.12.2016,0.04
25.12.2016,0.83
24.12.2016,0.02
23.12.2016,0.78
22.12.2016,0.00
21.12.2016,0.65
20.12.2016,1.51
19.12.2016,0.00
18.12.2016,0.00
17.12.2016,0.38
16.12.2016,1.92
15.12.2016,0.96
14.12.2016,0.23
13.12.2016,0.09
12.12.2016,6.94
11.12.2016,0.00
10.12.2016,0.00
09.12.2016,0.00
08.12.2016,0.10
07.12.2016,0.59
06.12.2016,0.00
05.12.2016,0.00
04.12.2016,0.00
03.12.2016,0.05
02.12.2016,02.04
01.12.2016,0.00
30.11.2016,0.00
29.11.2016,10.72
28.11.2016,34.80
27.11.2016,0.52
26.11.2016,0.00
25.11.2016,0.00
24.11.2016,0.07
23.11.2016,0.07
22.11.2016,0.08
21.11.2016,0.04
20.11.2016,0.00
19.11.2016,0.00
18.11.2016,0.00
17.11.2016,0.00
16.11.2016,0.26
15.11.2016,1.61
14.11.2016,0.00
13.11.2016,2.52
12.11.2016,0.03
11.11.2016,0.49
10.11.2016,0.43
09.11.2016,0.45
08.11.2016,0.00
07.11.2016,0.00
06.11.2016,0.00
05.11.2016,0.20
04.11.2016,1.44
03.11.2016,0.00
02.11.2016,0.00
01.11.2016,0.19
31.10.2016,0.02
30.10.2016,0.05
29.10.2016,0.28
28.10.2016,1.54
27.10.2016,0.30
26.10.2016,0.00
25.10.2016,0.22
24.10.2016,0.14
23.10.2016,0.01
22.10.2016,0.03
21.10.2016,0.02
20.10.2016,0.37
19.10.2016,0.13
18.10.2016,0.19
17.10.2016,01.01
16.10.2016,0.17
15.10.2016,0.16
14.10.2016,0.00
13.10.2016,0.05
12.10.2016,1.00
11.10.2016,0.07
10.10.2016,0.00
09.10.2016,0.00
08.10.2016,1.49
07.10.2016,0.00
06.10.2016,0.05
05.10.2016,1.78
04.10.2016,0.00
03.10.2016,1.16
02.10.2016,0.00
01.10.2016,0.00
30.09.2016,0.00
29.09.2016,0.00
28.09.2016,0.21
27.09.2016,0.20
26.09.2016,2.36
25.09.2016,0.00
24.09.2016,0.02
23.09.2016,0.30
22.09.2016,1.11
21.09.2016,2.62
20.09.2016,1.68
19.09.2016,0.15
18.09.2016,0.30
17.09.2016,0.00
16.09.2016,0.03
15.09.2016,0.00
14.09.2016,0.00
13.09.2016,0.15
12.09.2016,0.02
11.09.2016,0.00
10.09.2016,0.04
09.09.2016,0.00
08.09.2016,0.00
07.09.2016,0.04
06.09.2016,0.02
05.09.2016,0.00
04.09.2016,0.15
03.09.2016,0.31
02.09.2016,0.15
01.09.2016,0.00
31.08.2016,0.06
30.08.2016,0.00
29.08.2016,0.00
28.08.2016,0.00
27.08.2016,0.01
26.08.2016,0.12
25.08.2016,0.20
24.08.2016,0.11
23.08.2016,1.89
22.08.2016,0.00
21.08.2016,0.00
20.08.2016,0.56
19.08.2016,0.00
18.08.2016,0.00
17.08.2016,0.00
16.08.2016,0.00
15.08.2016,0.00
14.08.2016,0.07
13.08.2016,3.26
12.08.2016,0.34
11.08.2016,0.00
10.08.2016,0.00
09.08.2016,0.00
08.08.2016,0.00
07.08.2016,0.00
06.08.2016,0.00
05.08.2016,0.04
04.08.2016,0.05
03.08.2016,0.05
02.08.2016,0.00
01.08.2016,0.00
31.07.2016,0.00
30.07.2016,0.00
29.07.2016,0.00
28.07.2016,0.00
27.07.2016,0.37
26.07.2016,0.27
25.07.2016,0.04
24.07.2016,0.42
23.07.2016,0.01
22.07.2016,0.04
21.07.2016,0.28
20.07.2016,0.62
19.07.2016,0.69
18.07.2016,1.87
17.07.2016,0.00
16.07.2016,0.00
15.07.2016,0.00
14.07.2016,0.00
13.07.2016,0.00
12.07.2016,0.00
11.07.2016,0.00
10.07.2016,0.00
09.07.2016,0.00
08.07.2016,0.01
07.07.2016,0.14
06.07.2016,0.00
05.07.2016,0.24
04.07.2016,0.00
03.07.2016,0.36
02.07.2016,0.00
01.07.2016,0.00
30.06.2016,4.28
29.06.2016,0.11
28.06.2016,0.17
27.06.2016,0.00
26.06.2016,0.02
25.06.2016,0.00
24.06.2016,0.00
23.06.2016,0.01
22.06.2016,0.00
21.06.2016,0.00
20.06.2016,0.00
19.06.2016,0.00
18.06.2016,0.05
17.06.2016,0.00
16.06.2016,0.42
15.06.2016,12.31
14.06.2016,03.01
13.06.2016,02.06
12.06.2016,0.00
11.06.2016,0.00
10.06.2016,0.00
09.06.2016,0.03
08.06.2016,0.00
07.06.2016,0.99
06.06.2016,0.00
05.06.2016,0.06
04.06.2016,0.39
03.06.2016,0.04
02.06.2016,0.10
01.06.2016,1.13
31.05.2016,0.84
30.05.2016,1.94
29.05.2016,0.00
28.05.2016,0.00
27.05.2016,6.52
26.05.2016,25.79
25.05.2016,2.13
24.05.2016,0.00
23.05.2016,0.09
22.05.2016,0.40
21.05.2016,0.65
20.05.2016,1.51
19.05.2016,0.55
18.05.2016,0.01
17.05.2016,0.11
16.05.2016,0.29
15.05.2016,2.00
14.05.2016,0.00
13.05.2016,0.27
12.05.2016,2.36
11.05.2016,0.00
10.05.2016,0.02
09.05.2016,0.00
08.05.2016,0.00
07.05.2016,0.01
06.05.2016,0.74
05.05.2016,0.00
04.05.2016,1.41
03.05.2016,01.06
02.05.2016,0.01
01.05.2016,0.02
30.04.2016,0.00
29.04.2016,0.00
28.04.2016,0.00
27.04.2016,0.00
26.04.2016,02.01
25.04.2016,6.28
24.04.2016,2.95
23.04.2016,0.00
22.04.2016,0.00
21.04.2016,0.28
20.04.2016,1.51
19.04.2016,0.30
18.04.2016,1.84
17.04.2016,0.50
16.04.2016,0.50
15.04.2016,0.60
14.04.2016,0.50
13.04.2016,0.19
12.04.2016,0.10
11.04.2016,0.00
10.04.2016,01.05
09.04.2016,0.67
08.04.2016,0.00
07.04.2016,0.00
06.04.2016,0.00
05.04.2016,0.00
04.04.2016,0.00
03.04.2016,0.00
02.04.2016,0.00
01.04.2016,0.00
31.03.2016,0.00
30.03.2016,0.00
29.03.2016,0.00
28.03.2016,0.15
27.03.2016,0.00
26.03.2016,2.92
25.03.2016,11.35
24.03.2016,5.50
23.03.2016,0.07
22.03.2016,0.00
21.03.2016,0.00
20.03.2016,0.12
19.03.2016,0.87
18.03.2016,0.00
17.03.2016,0.31
16.03.2016,0.22
15.03.2016,0.23
14.03.2016,0.00
13.03.2016,1.13
12.03.2016,0.90
11.03.2016,0.02
10.03.2016,0.17
09.03.2016,0.04
08.03.2016,0.18
07.03.2016,0.00
06.03.2016,0.00
05.03.2016,5.19
04.03.2016,2.49
03.03.2016,0.27
02.03.2016,5.34
01.03.2016,0.00
29.02.2016,0.00
28.02.2016,0.03
27.02.2016,0.91
26.02.2016,1.44
25.02.2016,6.29
24.02.2016,0.59
23.02.2016,0.00
22.02.2016,0.00
21.02.2016,1.12
20.02.2016,0.04
19.02.2016,0.47
18.02.2016,0.00
17.02.2016,0.00
16.02.2016,0.00
15.02.2016,0.00
14.02.2016,4.52
13.02.2016,0.00
12.02.2016,8.10
11.02.2016,0.15
10.02.2016,0.00
09.02.2016,0.00
08.02.2016,0.00
07.02.2016,0.01
06.02.2016,0.47
05.02.2016,5.49
04.02.2016,0.10
03.02.2016,0.00
02.02.2016,0.00
01.02.2016,3.23
31.01.2016,0.00
30.01.2016,1.42
29.01.2016,0.00
28.01.2016,0.00
27.01.2016,0.06
26.01.2016,2.37
25.01.2016,0.21
24.01.2016,0.44
23.01.2016,0.83
22.01.2016,0.51
21.01.2016,0.00
20.01.2016,0.00
19.01.2016,0.19
18.01.2016,1.18
17.01.2016,2.29
16.01.2016,0.00
15.01.2016,0.00
14.01.2016,0.13
13.01.2016,2.70
12.01.2016,3.41
11.01.2016,0.00
10.01.2016,0.02
09.01.2016,0.00
08.01.2016,0.00
07.01.2016,0.00
06.01.2016,01.07
05.01.2016,3.13
04.01.2016,4.71
03.01.2016,4.56
02.01.2016,0.10
01.01.2016,1.12
31.12.2015,7.81
30.12.2015,2.49
29.12.2015,1.29
28.12.2015,1.26
27.12.2015,0.00
26.12.2015,0.05
25.12.2015,0.07
24.12.2015,0.00
23.12.2015,0.00
22.12.2015,0.00
21.12.2015,0.00
20.12.2015,3.91
19.12.2015,1.81
18.12.2015,1.31
17.12.2015,0.83
16.12.2015,0.10
15.12.2015,0.00
14.12.2015,0.00
13.12.2015,0.00
12.12.2015,0.00
11.12.2015,0.02
10.12.2015,0.46
09.12.2015,0.10
08.12.2015,0.02
07.12.2015,0.00
06.12.2015,0.00
05.12.2015,0.00
04.12.2015,0.07
03.12.2015,0.00
02.12.2015,2.42
01.12.2015,0.42
30.11.2015,0.00
29.11.2015,02.03
28.11.2015,10.20
27.11.2015,2.48
26.11.2015,0.00
25.11.2015,0.00
24.11.2015,0.00
23.11.2015,0.00
22.11.2015,0.00
21.11.2015,0.00
20.11.2015,0.00
19.11.2015,0.00
18.11.2015,0.00
17.11.2015,0.00
16.11.2015,0.00
15.11.2015,0.01
14.11.2015,0.00
13.11.2015,0.00
12.11.2015,0.00
11.11.2015,0.00
10.11.2015,0.30
09.11.2015,0.04
08.11.2015,0.05
07.11.2015,0.34
06.11.2015,0.06
05.11.2015,0.00
04.11.2015,0.00
03.11.2015,0.00
02.11.2015,0.00
01.11.2015,0.00
31.10.2015,0.27
30.10.2015,0.13
29.10.2015,0.15
28.10.2015,0.10
27.10.2015,0.03
26.10.2015,0.01
25.10.2015,0.21
24.10.2015,0.14
23.10.2015,0.00
22.10.2015,1.42
21.10.2015,5.10
20.10.2015,1.61
19.10.2015,0.00
18.10.2015,0.17
17.10.2015,0.14
16.10.2015,0.00
15.10.2015,0.02
14.10.2015,0.11
13.10.2015,0.55
12.10.2015,4.24
11.10.2015,10.62
10.10.2015,0.00
09.10.2015,0.00
08.10.2015,0.36
07.10.2015,1.78
06.10.2015,4.14
05.10.2015,0.21
04.10.2015,0.00
03.10.2015,0.10
02.10.2015,0.37
01.10.2015,0.38
30.09.2015,0.00
29.09.2015,0.89
28.09.2015,11.77
27.09.2015,0.12
26.09.2015,0.00
25.09.2015,0.02
24.09.2015,3.25
23.09.2015,1.52
22.09.2015,0.00
21.09.2015,0.00
20.09.2015,0.84
19.09.2015,0.88
18.09.2015,1.60
17.09.2015,1.15
16.09.2015,0.25
15.09.2015,0.09
14.09.2015,0.21
13.09.2015,0.58
12.09.2015,3.33
11.09.2015,0.00
10.09.2015,0.00
09.09.2015,0.00
08.09.2015,0.18
07.09.2015,0.13
06.09.2015,0.89
05.09.2015,1.66
04.09.2015,0.00
03.09.2015,0.00
02.09.2015,0.00
01.09.2015,0.68
31.08.2015,0.00
30.08.2015,0.00
29.08.2015,0.00
28.08.2015,0.00
27.08.2015,0.00
26.08.2015,0.01
25.08.2015,0.00
24.08.2015,0.01
23.08.2015,0.47
22.08.2015,0.67
21.08.2015,0.20
20.08.2015,0.00
19.08.2015,0.00
18.08.2015,0.07
17.08.2015,0.00
16.08.2015,0.00
15.08.2015,0.00
14.08.2015,0.00
13.08.2015,0.00
12.08.2015,0.00
11.08.2015,0.85
10.08.2015,0.00
09.08.2015,0.00
08.08.2015,0.04
07.08.2015,0.04
06.08.2015,0.00
05.08.2015,0.00
04.08.2015,0.00
03.08.2015,0.00
02.08.2015,0.01
01.08.2015,0.02
31.07.2015,0.00
30.07.2015,0.00
29.07.2015,0.00
28.07.2015,0.00
27.07.2015,0.00
26.07.2015,0.00
25.07.2015,0.00
24.07.2015,0.00
23.07.2015,0.00
22.07.2015,0.00
21.07.2015,0.00
20.07.2015,0.00
19.07.2015,0.00
18.07.2015,0.00
17.07.2015,0.00
16.07.2015,0.00
15.07.2015,0.00
14.07.2015,0.02
13.07.2015,0.00
12.07.2015,0.00
11.07.2015,01.02
10.07.2015,0.37
09.07.2015,0.00
08.07.2015,0.00
07.07.2015,0.00
06.07.2015,0.00
05.07.2015,0.21
04.07.2015,0.14
03.07.2015,0.07
02.07.2015,0.00
01.07.2015,0.00
30.06.2015,0.00
29.06.2015,0.50
28.06.2015,0.08
27.06.2015,0.00
26.06.2015,0.01
25.06.2015,0.02
24.06.2015,0.09
23.06.2015,6.42
22.06.2015,0.19
21.06.2015,0.00
20.06.2015,0.00
19.06.2015,1.20
18.06.2015,0.04
17.06.2015,2.23
16.06.2015,0.95
15.06.2015,2.25
14.06.2015,0.00
13.06.2015,0.01
12.06.2015,0.01
11.06.2015,0.00
10.06.2015,2.90
09.06.2015,0.02
08.06.2015,0.59
07.06.2015,0.02
06.06.2015,0.07
05.06.2015,7.19
04.06.2015,0.00
03.06.2015,0.00
02.06.2015,0.00
01.06.2015,0.00
31.05.2015,0.00
30.05.2015,0.00
29.05.2015,0.00
28.05.2015,0.00
27.05.2015,0.94
26.05.2015,0.03
25.05.2015,0.20
24.05.2015,0.75
23.05.2015,0.00
22.05.2015,0.03
21.05.2015,0.29
20.05.2015,3.24
19.05.2015,0.86
18.05.2015,0.16
17.05.2015,0.09
16.05.2015,1.29
15.05.2015,0.00
14.05.2015,0.00
13.05.2015,0.00
12.05.2015,0.00
11.05.2015,0.00
10.05.2015,0.00
09.05.2015,0.00
08.05.2015,10.09
07.05.2015,4.16
06.05.2015,0.00
05.05.2015,0.00
04.05.2015,0.00
03.05.2015,4.93
02.05.2015,1.20
01.05.2015,0.00
30.04.2015,4.19
29.04.2015,4.77
28.04.2015,0.76
27.04.2015,0.00
26.04.2015,0.39
25.04.2015,0.12
24.04.2015,0.00
23.04.2015,0.62
22.04.2015,17.11
21.04.2015,03.04
20.04.2015,0.00
19.04.2015,1.53
18.04.2015,0.00
17.04.2015,0.00
16.04.2015,0.00
15.04.2015,0.60
14.04.2015,0.50
13.04.2015,0.19
12.04.2015,0.00
11.04.2015,0.00
10.04.2015,0.01
09.04.2015,0.03
08.04.2015,0.05
07.04.2015,7.81
06.04.2015,7.79
05.04.2015,0.00
04.04.2015,0.00
03.04.2015,0.46
02.04.2015,2.70
01.04.2015,2.87
31.03.2015,1.10
30.03.2015,0.46
29.03.2015,0.26
28.03.2015,0.00
27.03.2015,0.39
26.03.2015,0.02
25.03.2015,0.00
24.03.2015,0.00
23.03.2015,0.63
22.03.2015,0.00
21.03.2015,2.84
20.03.2015,0.14
19.03.2015,0.98
18.03.2015,0.69
17.03.2015,0.83
16.03.2015,0.76
15.03.2015,0.76
14.03.2015,1.81
13.03.2015,1.75
12.03.2015,1.50
11.03.2015,0.78
10.03.2015,1.88
09.03.2015,0.12
08.03.2015,0.07
07.03.2015,0.14
06.03.2015,0.00
05.03.2015,0.00
04.03.2015,0.00
03.03.2015,5.15
02.03.2015,0.00
01.03.2015,0.18
28.02.2015,0.80
27.02.2015,0.00
26.02.2015,0.00
25.02.2015,0.00
24.02.2015,0.00
23.02.2015,0.00
22.02.2015,0.00
21.02.2015,0.02
20.02.2015,1.28
19.02.2015,1.62
18.02.2015,3.79
17.02.2015,1.80
16.02.2015,1.14
15.02.2015,0.00
14.02.2015,0.29
13.02.2015,01.08
12.02.2015,3.31
11.02.2015,0.65
10.02.2015,0.00
09.02.2015,0.73
08.02.2015,8.40
07.02.2015,0.04
06.02.2015,1.41
05.02.2015,0.33
04.02.2015,0.19
03.02.2015,0.20
02.02.2015,16.56
01.02.2015,2.25
31.01.2015,01.09
30.01.2015,0.00
29.01.2015,0.00
28.01.2015,1.42
27.01.2015,3.11
26.01.2015,0.60
25.01.2015,0.00
24.01.2015,0.15
23.01.2015,0.00
22.01.2015,0.02
21.01.2015,0.00
20.01.2015,0.00
19.01.2015,0.00
18.01.2015,0.00
17.01.2015,0.00
16.01.2015,0.00
15.01.2015,0.00
14.01.2015,0.00
13.01.2015,0.00
12.01.2015,14.07
11.01.2015,0.00
10.01.2015,2.26
09.01.2015,0.12
08.01.2015,0.70
07.01.2015,1.29
06.01.2015,2.10
05.01.2015,0.00
04.01.2015,6.35
03.01.2015,0.04
02.01.2015,0.53
01.01.2015,0.24
31.12.2014,4.29
30.12.2014,3.30
29.12.2014,1.41
28.12.2014,0.00
27.12.2014,0.59
26.12.2014,0.57
25.12.2014,0.00
24.12.2014,0.00
23.12.2014,0.00
22.12.2014,0.13
21.12.2014,6.34
20.12.2014,0.04
19.12.2014,0.00
18.12.2014,0.60
17.12.2014,01.05
16.12.2014,0.00
15.12.2014,0.00
14.12.2014,0.00
13.12.2014,0.00
12.12.2014,0.00
11.12.2014,0.03
10.12.2014,0.10
09.12.2014,0.00
08.12.2014,0.06
07.12.2014,1.60
06.12.2014,2.59
05.12.2014,0.07
04.12.2014,1.87
03.12.2014,0.72
02.12.2014,1.20
01.12.2014,1.21
30.11.2014,5.70
29.11.2014,0.04
28.11.2014,0.08
27.11.2014,0.71
26.11.2014,1.30
25.11.2014,2.19
24.11.2014,2.78
23.11.2014,0.84
22.11.2014,1.84
21.11.2014,2.72
20.11.2014,6.47
19.11.2014,0.65
18.11.2014,0.00
17.11.2014,0.21
16.11.2014,0.19
15.11.2014,0.08
14.11.2014,0.00
13.11.2014,0.40
12.11.2014,0.01
11.11.2014,0.00
10.11.2014,0.23
09.11.2014,0.00
08.11.2014,0.00
07.11.2014,0.00
06.11.2014,0.00
05.11.2014,0.00
04.11.2014,0.00
03.11.2014,0.13
02.11.2014,0.72
01.11.2014,0.44
31.10.2014,07.01
30.10.2014,15.29
29.10.2014,2.84
28.10.2014,0.72
27.10.2014,7.67
26.10.2014,3.13
25.10.2014,0.00
24.10.2014,0.00
23.10.2014,0.00
22.10.2014,0.00
21.10.2014,0.00
20.10.2014,0.00
19.10.2014,1.13
18.10.2014,6.34
17.10.2014,6.34
16.10.2014,1.45
15.10.2014,0.00
14.10.2014,0.00
13.10.2014,0.00
12.10.2014,1.00
11.10.2014,1.14
10.10.2014,0.07
09.10.2014,0.01
08.10.2014,0.16
07.10.2014,0.00
06.10.2014,0.05
05.10.2014,0.51
04.10.2014,0.74
03.10.2014,0.83
02.10.2014,0.24
01.10.2014,0.00
30.09.2014,0.00
29.09.2014,1.34
28.09.2014,10.72
27.09.2014,18.80
26.09.2014,0.87
25.09.2014,0.00
24.09.2014,0.00
23.09.2014,4.51
22.09.2014,0.49
21.09.2014,0.44
20.09.2014,0.22
19.09.2014,1.78
18.09.2014,9.69
17.09.2014,1.78
16.09.2014,2.75
15.09.2014,0.17
14.09.2014,1.66
13.09.2014,0.64
12.09.2014,0.00
11.09.2014,0.00
10.09.2014,0.00
09.09.2014,0.00
08.09.2014,4.93
07.09.2014,2.26
06.09.2014,0.94
05.09.2014,6.26
04.09.2014,1.92
03.09.2014,0.56
02.09.2014,0.11
01.09.2014,0.12
31.08.2014,0.60
30.08.2014,0.17
29.08.2014,0.00
28.08.2014,0.05
27.08.2014,0.00
26.08.2014,0.07
25.08.2014,0.02
24.08.2014,0.00
23.08.2014,0.00
22.08.2014,0.00
21.08.2014,0.00
20.08.2014,0.06
19.08.2014,0.22
18.08.2014,3.38
17.08.2014,2.52
16.08.2014,0.00
15.08.2014,0.00
14.08.2014,0.00
13.08.2014,0.00
12.08.2014,0.00
11.08.2014,0.00
10.08.2014,0.00
09.08.2014,6.49
08.08.2014,0.31
07.08.2014,0.03
06.08.2014,0.01
05.08.2014,0.02
04.08.2014,0.00
03.08.2014,6.15
02.08.2014,2.56
01.08.2014,0.00
31.07.2014,0.00
30.07.2014,0.07
29.07.2014,0.00
28.07.2014,0.00
27.07.2014,0.03
26.07.2014,0.00
25.07.2014,0.01
24.07.2014,0.01
23.07.2014,0.00
22.07.2014,0.00
21.07.2014,0.01
20.07.2014,01.01
19.07.2014,5.27
18.07.2014,0.00
17.07.2014,2.22
16.07.2014,1.12
15.07.2014,01.01
14.07.2014,0.00
13.07.2014,0.58
12.07.2014,0.93
11.07.2014,0.00
10.07.2014,0.00
09.07.2014,0.00
08.07.2014,0.00
07.07.2014,0.00
06.07.2014,0.00
05.07.2014,0.06
04.07.2014,0.18
03.07.2014,0.00
02.07.2014,0.00
01.07.2014,0.00
30.06.2014,0.00
29.06.2014,0.00
28.06.2014,0.37
27.06.2014,0.00
26.06.2014,0.01
25.06.2014,0.00
24.06.2014,0.00
23.06.2014,0.00
22.06.2014,0.01
21.06.2014,4.44
20.06.2014,2.93
19.06.2014,0.74
18.06.2014,0.01
17.06.2014,0.36
16.06.2014,0.10
15.06.2014,2.41
14.06.2014,0.10
13.06.2014,0.00
12.06.2014,0.01
11.06.2014,0.00
10.06.2014,0.00
09.06.2014,0.00
08.06.2014,0.00
07.06.2014,02.08
06.06.2014,16.47
05.06.2014,3.29
04.06.2014,2.51
03.06.2014,0.05
02.06.2014,2.78
01.06.2014,3.86
31.05.2014,3.15
30.05.2014,3.68
29.05.2014,1.22
28.05.2014,0.00
27.05.2014,0.03
26.05.2014,0.00
25.05.2014,0.34
24.05.2014,0.14
23.05.2014,0.00
22.05.2014,0.01
21.05.2014,0.00
20.05.2014,0.00
19.05.2014,0.00
18.05.2014,0.76
17.05.2014,1.44
16.05.2014,0.00
15.05.2014,0.00
14.05.2014,3.58
13.05.2014,1.28
12.05.2014,1.75
11.05.2014,0.58
10.05.2014,3.65
09.05.2014,0.91
08.05.2014,0.00
07.05.2014,0.00
06.05.2014,0.60
05.05.2014,02.07
04.05.2014,3.23
03.05.2014,0.00
02.05.2014,02.02
01.05.2014,2.58
30.04.2014,0.15
29.04.2014,0.08
28.04.2014,3.50
27.04.2014,0.97
26.04.2014,0.44
25.04.2014,0.11
24.04.2014,02.02
23.04.2014,0.00
22.04.2014,0.00
21.04.2014,0.00
20.04.2014,1.95
19.04.2014,0.00
18.04.2014,0.39
17.04.2014,0.01
16.04.2014,0.00
15.04.2014,0.00
14.04.2014,0.00
13.04.2014,0.00
12.04.2014,2.78
11.04.2014,0.89
10.04.2014,1.30
09.04.2014,0.00
08.04.2014,0.00
07.04.2014,0.59
06.04.2014,0.07
05.04.2014,0.00
04.04.2014,0.00
03.04.2014,0.01
02.04.2014,0.69
01.04.2014,01.07
31.03.2014,0.00
30.03.2014,0.01
29.03.2014,0.69
28.03.2014,0.70
27.03.2014,0.29
26.03.2014,0.82
25.03.2014,02.03
24.03.2014,0.60
23.03.2014,0.00
22.03.2014,0.00
21.03.2014,0.00
20.03.2014,0.48
19.03.2014,0.00
18.03.2014,0.00
17.03.2014,0.05
16.03.2014,2.28
15.03.2014,0.00
14.03.2014,0.00
13.03.2014,0.05
12.03.2014,0.01
11.03.2014,03.06
10.03.2014,10.27
09.03.2014,1.92
08.03.2014,7.40
07.03.2014,0.00
06.03.2014,0.00
05.03.2014,0.16
04.03.2014,0.00
03.03.2014,0.00
02.03.2014,01.02
01.03.2014,2.42
28.02.2014,0.00
27.02.2014,0.00
26.02.2014,0.03
25.02.2014,0.85
24.02.2014,0.22
23.02.2014,0.11
22.02.2014,0.07
21.02.2014,0.00
20.02.2014,0.00
19.02.2014,0.00
18.02.2014,0.00
17.02.2014,0.00
16.02.2014,0.00
15.02.2014,2.18
14.02.2014,0.84
13.02.2014,0.13
12.02.2014,0.00
11.02.2014,0.00
10.02.2014,0.94
09.02.2014,0.50
08.02.2014,0.00
07.02.2014,0.00
06.02.2014,0.00
05.02.2014,0.01
04.02.2014,0.21
03.02.2014,0.01
02.02.2014,0.00
01.02.2014,0.04
31.01.2014,0.02
30.01.2014,0.04
29.01.2014,0.70
28.01.2014,01.05
27.01.2014,0.19
26.01.2014,0.00
25.01.2014,0.00
24.01.2014,1.49
23.01.2014,9.27
22.01.2014,5.32
21.01.2014,1.18
20.01.2014,0.00
19.01.2014,0.01
18.01.2014,0.00
17.01.2014,0.56
16.01.2014,1.26
15.01.2014,0.00
14.01.2014,0.00
13.01.2014,0.00
12.01.2014,0.00
11.01.2014,0.00
10.01.2014,0.00
09.01.2014,0.00
08.01.2014,0.01
07.01.2014,0.00
06.01.2014,0.00
05.01.2014,0.00
04.01.2014,0.00
03.01.2014,0.00
02.01.2014,0.00
01.01.2014,0.06
31.12.2013,0.14
30.12.2013,0.14
29.12.2013,0.02
28.12.2013,0.00
27.12.2013,0.00
26.12.2013,0.00
25.12.2013,0.00
24.12.2013,0.00
23.12.2013,0.00
22.12.2013,0.00
21.12.2013,0.00
20.12.2013,0.00
19.12.2013,0.02
18.12.2013,0.10
17.12.2013,1.28
16.12.2013,0.31
15.12.2013,0.00
14.12.2013,0.55
13.12.2013,2.56
12.12.2013,2.36
11.12.2013,3.78
10.12.2013,5.34
09.12.2013,0.25
08.12.2013,0.91
07.12.2013,4.29
06.12.2013,0.07
05.12.2013,0.00
04.12.2013,0.00
03.12.2013,0.23
02.12.2013,2.60
01.12.2013,0.00
30.11.2013,0.00
29.11.2013,0.02
28.11.2013,2.32
27.11.2013,6.94
26.11.2013,0.00
25.11.2013,2.86
24.11.2013,0.00
23.11.2013,0.00
22.11.2013,0.00
21.11.2013,0.81
20.11.2013,0.37
19.11.2013,0.00
18.11.2013,0.00
17.11.2013,0.08
16.11.2013,0.52
15.11.2013,0.27
14.11.2013,0.85
13.11.2013,0.43
12.11.2013,0.00
11.11.2013,0.00
10.11.2013,0.00
09.11.2013,0.00
08.11.2013,0.00
07.11.2013,7.20
06.11.2013,0.00
05.11.2013,0.00
04.11.2013,0.00
03.11.2013,0.03
02.11.2013,0.07
01.11.2013,0.08
31.10.2013,0.01
30.10.2013,0.00
29.10.2013,0.00
28.10.2013,0.00
27.10.2013,0.00
26.10.2013,0.03
25.10.2013,0.08
24.10.2013,0.00
23.10.2013,0.00
22.10.2013,0.00
21.10.2013,0.00
20.10.2013,0.00
19.10.2013,1.73
18.10.2013,4.51
17.10.2013,9.24
16.10.2013,9.42
15.10.2013,0.07
14.10.2013,0.00
13.10.2013,0.00
12.10.2013,0.00
11.10.2013,0.00
10.10.2013,0.00
09.10.2013,0.00
08.10.2013,0.00
07.10.2013,0.01
06.10.2013,0.47
05.10.2013,01.09
04.10.2013,1.52
03.10.2013,1.46
02.10.2013,2.66
01.10.2013,2.00
30.09.2013,0.01
29.09.2013,0.00
28.09.2013,0.01
27.09.2013,0.48
26.09.2013,0.00
25.09.2013,0.00
24.09.2013,0.06
23.09.2013,1.78
22.09.2013,2.50
21.09.2013,0.00
20.09.2013,1.65
19.09.2013,1.93
18.09.2013,2.89
17.09.2013,0.18
16.09.2013,0.88
15.09.2013,0.00
14.09.2013,03.07
13.09.2013,0.00
12.09.2013,0.00
11.09.2013,0.00
10.09.2013,0.00
09.09.2013,0.07
08.09.2013,0.02
07.09.2013,0.00
06.09.2013,0.00
05.09.2013,0.73
04.09.2013,0.45
03.09.2013,0.00
02.09.2013,0.00
01.09.2013,0.02
31.08.2013,0.08
30.08.2013,0.09
29.08.2013,0.00
28.08.2013,0.00
27.08.2013,0.00
26.08.2013,0.00
25.08.2013,0.00
24.08.2013,0.31
23.08.2013,0.05
22.08.2013,0.00
21.08.2013,0.01
20.08.2013,0.00
19.08.2013,0.00
18.08.2013,0.03
17.08.2013,0.00
16.08.2013,0.00
15.08.2013,0.00
14.08.2013,0.00
13.08.2013,0.00
12.08.2013,0.00
11.08.2013,0.04
10.08.2013,0.00
09.08.2013,0.00
08.08.2013,0.00
07.08.2013,0.00
06.08.2013,0.00
05.08.2013,0.01
04.08.2013,0.00
03.08.2013,0.00
02.08.2013,0.02
01.08.2013,1.34
31.07.2013,0.04
30.07.2013,0.00
29.07.2013,0.00
28.07.2013,0.00
27.07.2013,0.20
26.07.2013,0.00
25.07.2013,0.00
24.07.2013,0.00
23.07.2013,0.00
22.07.2013,0.00
21.07.2013,0.00
20.07.2013,0.00
19.07.2013,0.03
18.07.2013,0.11
17.07.2013,0.83
16.07.2013,0.03
15.07.2013,0.00
14.07.2013,0.00
13.07.2013,0.00
12.07.2013,0.00
11.07.2013,0.00
10.07.2013,0.00
09.07.2013,0.01
08.07.2013,0.00
07.07.2013,0.02
06.07.2013,0.00
05.07.2013,0.05
04.07.2013,0.01
03.07.2013,0.01
02.07.2013,1.11
01.07.2013,5.81
30.06.2013,06.03
29.06.2013,0.86
28.06.2013,0.15
27.06.2013,0.01
26.06.2013,0.00
25.06.2013,0.00
24.06.2013,0.00
23.06.2013,0.00
22.06.2013,0.00
21.06.2013,0.00
20.06.2013,0.00
19.06.2013,0.00
18.06.2013,0.00
17.06.2013,0.06
16.06.2013,3.00
15.06.2013,3.16
14.06.2013,1.97
13.06.2013,3.88
12.06.2013,0.04
11.06.2013,0.00
10.06.2013,0.00
09.06.2013,0.00
08.06.2013,0.00
07.06.2013,0.41
06.06.2013,0.23
05.06.2013,0.52
04.06.2013,0.46
03.06.2013,0.06
02.06.2013,2.83
01.06.2013,0.64
31.05.2013,0.00
30.05.2013,0.00
29.05.2013,2.12
28.05.2013,0.00
27.05.2013,0.00
26.05.2013,0.00
25.05.2013,0.90
24.05.2013,0.00
23.05.2013,1.23
22.05.2013,0.00
21.05.2013,0.00
20.05.2013,0.00
19.05.2013,0.07
18.05.2013,0.00
17.05.2013,2.50
16.05.2013,0.00
15.05.2013,1.71
14.05.2013,0.78
13.05.2013,0.97
12.05.2013,0.00
11.05.2013,0.00
10.05.2013,0.01
09.05.2013,0.10
08.05.2013,0.00
07.05.2013,0.00
06.05.2013,0.00
05.05.2013,0.00
04.05.2013,0.11
03.05.2013,0.00
02.05.2013,0.00
01.05.2013,0.00
30.04.2013,0.00
29.04.2013,0.00
28.04.2013,0.00
27.04.2013,0.00
26.04.2013,0.00
25.04.2013,0.00
24.04.2013,0.00
23.04.2013,0.00
22.04.2013,0.00
21.04.2013,1.10
20.04.2013,0.10
19.04.2013,0.00
18.04.2013,0.03
17.04.2013,0.01
16.04.2013,03.07
15.04.2013,0.53
14.04.2013,0.24
13.04.2013,1.64
12.04.2013,0.00
11.04.2013,01.03
10.04.2013,0.00
09.04.2013,0.09
08.04.2013,0.62
07.04.2013,0.90
06.04.2013,0.00
05.04.2013,0.00
04.04.2013,0.03
03.04.2013,2.23
02.04.2013,01.09
01.04.2013,0.57
31.03.2013,0.00
30.03.2013,0.04
29.03.2013,0.01
28.03.2013,0.81
27.03.2013,2.29
26.03.2013,2.40
25.03.2013,0.00
24.03.2013,0.00
23.03.2013,1.83
22.03.2013,1.55
21.03.2013,0.00
20.03.2013,0.25
19.03.2013,0.00
18.03.2013,0.00
17.03.2013,1.14
16.03.2013,3.52
15.03.2013,2.97
14.03.2013,0.00
13.03.2013,0.00
12.03.2013,2.38
11.03.2013,1.46
10.03.2013,0.59
09.03.2013,1.18
08.03.2013,0.64
07.03.2013,0.00
06.03.2013,0.00
05.03.2013,0.01
04.03.2013,0.00
03.03.2013,0.02
02.03.2013,0.10
01.03.2013,0.00
28.02.2013,1.63
27.02.2013,0.25
26.02.2013,0.96
25.02.2013,0.01
24.02.2013,0.00
23.02.2013,0.22
22.02.2013,0.90
21.02.2013,0.14
20.02.2013,0.00
19.02.2013,0.82
18.02.2013,0.26
17.02.2013,0.03
16.02.2013,0.08
15.02.2013,2.67
14.02.2013,0.00
13.02.2013,0.00
12.02.2013,0.00
11.02.2013,0.00
10.02.2013,0.95
09.02.2013,4.23
08.02.2013,0.00
07.02.2013,0.30
06.02.2013,0.39
05.02.2013,0.68
04.02.2013,1.42
03.02.2013,0.00
02.02.2013,0.00
01.02.2013,2.88
31.01.2013,04.04
30.01.2013,0.00
29.01.2013,0.25
28.01.2013,0.70
27.01.2013,0.61
26.01.2013,0.18
25.01.2013,1.16
24.01.2013,0.26
23.01.2013,0.61
22.01.2013,0.78
21.01.2013,0.00
20.01.2013,0.04
19.01.2013,0.04
18.01.2013,0.00
17.01.2013,01.01
16.01.2013,1.60
15.01.2013,0.00
14.01.2013,0.00
13.01.2013,0.00
12.01.2013,0.00
11.01.2013,0.29
10.01.2013,0.01
09.01.2013,0.27
08.01.2013,1.82
07.01.2013,6.98
06.01.2013,1.75
05.01.2013,3.26
04.01.2013,0.45
03.01.2013,0.00
02.01.2013,0.00
01.01.2013,0.08
31.12.2012,0.00
30.12.2012,0.18
29.12.2012,1.57
28.12.2012,0.21
27.12.2012,0.01
26.12.2012,0.00
25.12.2012,0.00
24.12.2012,0.00
23.12.2012,0.00
22.12.2012,0.51
21.12.2012,0.86
20.12.2012,9.81
19.12.2012,0.03
18.12.2012,0.00
17.12.2012,3.21
16.12.2012,0.67
15.12.2012,0.00
14.12.2012,0.00
13.12.2012,0.07
12.12.2012,0.00
11.12.2012,1.86
10.12.2012,0.00
09.12.2012,0.00
08.12.2012,0.38
07.12.2012,3.94
06.12.2012,1.44
05.12.2012,03.04
04.12.2012,6.81
03.12.2012,3.60
02.12.2012,3.14
01.12.2012,1.85
30.11.2012,0.84
29.11.2012,0.00
28.11.2012,0.00
27.11.2012,0.00
26.11.2012,0.09
25.11.2012,0.15
24.11.2012,1.67
23.11.2012,0.39
22.11.2012,0.90
21.11.2012,0.00
20.11.2012,0.00
19.11.2012,0.00
18.11.2012,0.36
17.11.2012,0.19
16.11.2012,0.08
15.11.2012,0.13
14.11.2012,0.61
13.11.2012,0.03
12.11.2012,0.02
11.11.2012,1.55
10.11.2012,3.32
09.11.2012,0.06
08.11.2012,1.42
07.11.2012,6.65
06.11.2012,3.89
05.11.2012,0.00
04.11.2012,0.00
03.11.2012,0.03
02.11.2012,4.18
01.11.2012,0.15
31.10.2012,0.00
30.10.2012,0.68
29.10.2012,0.08
28.10.2012,01.01
27.10.2012,0.00
26.10.2012,0.00
25.10.2012,0.42
24.10.2012,2.23
23.10.2012,10.74
22.10.2012,6.96
21.10.2012,5.56
20.10.2012,02.08
19.10.2012,0.00
18.10.2012,0.11
17.10.2012,1.71
16.10.2012,0.48
15.10.2012,0.11
14.10.2012,0.00
13.10.2012,0.07
12.10.2012,0.00
11.10.2012,0.00
10.10.2012,0.00
09.10.2012,0.00
08.10.2012,0.51
07.10.2012,0.00
06.10.2012,0.00
05.10.2012,0.00
04.10.2012,1.34
03.10.2012,0.00
02.10.2012,0.00
01.10.2012,0.00
30.09.2012,0.00
29.09.2012,0.02
28.09.2012,0.00
27.09.2012,0.00
26.09.2012,0.00
25.09.2012,0.00
24.09.2012,0.00
23.09.2012,0.00
22.09.2012,0.01
21.09.2012,4.97
20.09.2012,0.08
19.09.2012,3.31
18.09.2012,0.37
17.09.2012,3.16
16.09.2012,1.24
15.09.2012,1.25
14.09.2012,0.00
13.09.2012,0.00
12.09.2012,0.00
11.09.2012,0.00
10.09.2012,0.01
09.09.2012,0.00
08.09.2012,0.00
07.09.2012,0.12
06.09.2012,0.00
05.09.2012,0.24
04.09.2012,0.00
03.09.2012,0.00
02.09.2012,0.01
01.09.2012,0.03
31.08.2012,0.00
30.08.2012,0.00
29.08.2012,0.00
28.08.2012,3.50
27.08.2012,0.00
26.08.2012,0.00
25.08.2012,0.00
24.08.2012,0.00
23.08.2012,0.00
22.08.2012,0.00
21.08.2012,0.00
20.08.2012,0.01
19.08.2012,0.30
18.08.2012,0.01
17.08.2012,0.00
16.08.2012,0.00
15.08.2012,0.00
14.08.2012,0.00
13.08.2012,0.00
12.08.2012,29.72
11.08.2012,0.00
10.08.2012,0.00
09.08.2012,0.00
08.08.2012,0.29
07.08.2012,0.00
06.08.2012,0.00
05.08.2012,0.00
04.08.2012,1.92
03.08.2012,3.24
02.08.2012,0.00
01.08.2012,0.13
31.07.2012,0.68
30.07.2012,0.00
29.07.2012,0.00
28.07.2012,0.35
27.07.2012,0.00
26.07.2012,0.04
25.07.2012,0.00
24.07.2012,0.00
23.07.2012,0.00
22.07.2012,0.00
21.07.2012,0.00
20.07.2012,0.04
19.07.2012,0.00
18.07.2012,0.00
17.07.2012,0.26
16.07.2012,0.00
15.07.2012,0.00
14.07.2012,0.00
13.07.2012,0.01
12.07.2012,0.00
11.07.2012,0.00
10.07.2012,0.00
09.07.2012,0.00
08.07.2012,0.06
07.07.2012,0.00
06.07.2012,0.34
05.07.2012,0.00
04.07.2012,0.00
03.07.2012,0.00
02.07.2012,0.00
01.07.2012,0.00
30.06.2012,0.00
29.06.2012,0.00
28.06.2012,0.00
27.06.2012,2.86
26.06.2012,0.00
25.06.2012,0.00
24.06.2012,0.00
23.06.2012,0.00
22.06.2012,0.00
21.06.2012,0.00
20.06.2012,0.00
19.06.2012,0.00
18.06.2012,0.00
17.06.2012,0.00
16.06.2012,0.00
15.06.2012,0.00
14.06.2012,0.00
13.06.2012,0.00
12.06.2012,0.00
11.06.2012,0.00
10.06.2012,0.00
09.06.2012,0.00
08.06.2012,0.00
07.06.2012,0.67
06.06.2012,1.75
05.06.2012,0.06
04.06.2012,0.00
03.06.2012,0.03
02.06.2012,0.00
01.06.2012,0.09
31.05.2012,0.00
30.05.2012,1.45
29.05.2012,0.12
28.05.2012,2.60
27.05.2012,1.28
26.05.2012,0.07
25.05.2012,5.84
24.05.2012,0.00
23.05.2012,0.09
22.05.2012,3.54
21.05.2012,0.72
20.05.2012,04.06
19.05.2012,0.00
18.05.2012,0.00
17.05.2012,2.42
16.05.2012,0.00
15.05.2012,0.00
14.05.2012,0.04
13.05.2012,0.37
12.05.2012,4.93
11.05.2012,0.14
10.05.2012,0.01
09.05.2012,0.00
08.05.2012,0.00
07.05.2012,0.01
06.05.2012,0.00
05.05.2012,2.50
04.05.2012,0.00
03.05.2012,0.00
02.05.2012,0.00
01.05.2012,0.00
30.04.2012,0.00
29.04.2012,0.07
28.04.2012,04.05
27.04.2012,1.38
26.04.2012,0.00
25.04.2012,0.00
24.04.2012,0.00
23.04.2012,0.00
22.04.2012,0.27
21.04.2012,1.48
20.04.2012,0.93
19.04.2012,0.23
18.04.2012,4.47
17.04.2012,0.00
16.04.2012,0.37
15.04.2012,1.97
14.04.2012,2.81
13.04.2012,0.00
12.04.2012,1.33
11.04.2012,0.00
10.04.2012,0.00
09.04.2012,5.98
08.04.2012,6.66
07.04.2012,0.87
06.04.2012,0.34
05.04.2012,0.61
04.04.2012,0.06
03.04.2012,0.00
02.04.2012,0.90
01.04.2012,7.83
31.03.2012,0.00
30.03.2012,6.49
29.03.2012,0.00
28.03.2012,0.67
27.03.2012,0.00
26.03.2012,0.09
25.03.2012,0.00
24.03.2012,0.00
23.03.2012,0.00
22.03.2012,0.00
21.03.2012,0.16
20.03.2012,0.00
19.03.2012,0.00
18.03.2012,0.00
17.03.2012,0.00
16.03.2012,0.53
15.03.2012,2.24
14.03.2012,0.00
13.03.2012,0.00
12.03.2012,3.15
11.03.2012,01.08
10.03.2012,0.00
09.03.2012,0.01
08.03.2012,0.77
07.03.2012,0.00
06.03.2012,0.00
05.03.2012,0.00
04.03.2012,0.05
03.03.2012,2.69
02.03.2012,0.69
01.03.2012,2.15
28.02.2012,0.00
27.02.2012,2.47
26.02.2012,1.62
25.02.2012,1.27
24.02.2012,0.00
23.02.2012,0.00
22.02.2012,0.00
21.02.2012,0.00
20.02.2012,0.00
19.02.2012,0.00
18.02.2012,0.03
17.02.2012,1.75
16.02.2012,1.49
15.02.2012,3.21
14.02.2012,04.03
13.02.2012,0.90
12.02.2012,0.00
11.02.2012,0.14
10.02.2012,1.25
09.02.2012,0.37
08.02.2012,0.58
07.02.2012,1.93
06.02.2012,0.00
05.02.2012,0.00
04.02.2012,0.00
03.02.2012,0.00
02.02.2012,0.37
01.02.2012,1.39
31.01.2012,1.35
30.01.2012,01.05
29.01.2012,0.52
28.01.2012,1.25
27.01.2012,5.54
26.01.2012,0.00
25.01.2012,0.00
24.01.2012,0.03
23.01.2012,0.50
22.01.2012,0.00
21.01.2012,0.66
20.01.2012,1.38
19.01.2012,0.05
18.01.2012,0.44
17.01.2012,0.42
16.01.2012,5.56
15.01.2012,0.11
14.01.2012,6.68
13.01.2012,0.00
12.01.2012,0.11
11.01.2012,1.32
10.01.2012,0.00
09.01.2012,0.56
08.01.2012,1.99
07.01.2012,01.06
06.01.2012,0.00
05.01.2012,0.00
04.01.2012,0.00
03.01.2012,0.00
02.01.2012,0.06
01.01.2012,0.53
31.12.2011,0.00
30.12.2011,0.00
29.12.2011,0.00
28.12.2011,0.00
27.12.2011,0.01
26.12.2011,0.17
25.12.2011,0.27
24.12.2011,2.71
23.12.2011,0.76
22.12.2011,0.00
21.12.2011,0.09
20.12.2011,0.80
19.12.2011,2.71
18.12.2011,3.17
17.12.2011,0.20
16.12.2011,3.77
15.12.2011,0.00
14.12.2011,0.03
13.12.2011,0.10
12.12.2011,0.00
11.12.2011,0.00
10.12.2011,0.00
09.12.2011,0.07
08.12.2011,0.67
07.12.2011,3.80
06.12.2011,0.83
05.12.2011,0.00
04.12.2011,0.00
03.12.2011,0.00
02.12.2011,0.00
01.12.2011,0.00
30.11.2011,0.00
29.11.2011,0.00
28.11.2011,0.00
27.11.2011,0.43
26.11.2011,0.15
25.11.2011,0.24
24.11.2011,0.43
23.11.2011,0.02
22.11.2011,0.00
21.11.2011,0.00
20.11.2011,0.04
19.11.2011,0.17
18.11.2011,0.26
17.11.2011,2.66
16.11.2011,0.52
15.11.2011,0.00
14.11.2011,0.00
13.11.2011,0.05
12.11.2011,0.56
11.11.2011,0.22
10.11.2011,0.02
09.11.2011,0.00
08.11.2011,0.00
07.11.2011,0.00
06.11.2011,0.00
05.11.2011,0.00
04.11.2011,0.07
03.11.2011,0.87
02.11.2011,0.62
01.11.2011,0.06
31.10.2011,0.16
30.10.2011,0.53
29.10.2011,0.58
28.10.2011,0.16
27.10.2011,0.12
26.10.2011,0.49
25.10.2011,0.59
24.10.2011,0.14
23.10.2011,0.18
22.10.2011,0.02
21.10.2011,0.00
20.10.2011,0.00
19.10.2011,0.00
18.10.2011,4.15
17.10.2011,0.00
16.10.2011,1.42
15.10.2011,6.53
14.10.2011,7.15
13.10.2011,1.87
12.10.2011,0.00
11.10.2011,0.00
10.10.2011,3.34
09.10.2011,2.38
08.10.2011,0.11
07.10.2011,0.00
06.10.2011,0.00
05.10.2011,0.00
04.10.2011,0.00
03.10.2011,0.00
02.10.2011,0.06
01.10.2011,0.57
30.09.2011,3.89
29.09.2011,0.36
28.09.2011,0.00
27.09.2011,0.00
26.09.2011,0.00
25.09.2011,0.00
24.09.2011,0.00
23.09.2011,0.33
22.09.2011,03.04
21.09.2011,2.32
20.09.2011,0.00
19.09.2011,0.00
18.09.2011,0.00
17.09.2011,0.00
16.09.2011,0.00
15.09.2011,0.00
14.09.2011,0.00
13.09.2011,0.00
12.09.2011,0.00
11.09.2011,0.00
10.09.2011,0.00
09.09.2011,0.13
08.09.2011,0.00
07.09.2011,0.00
06.09.2011,0.00
05.09.2011,0.00
04.09.2011,0.00
03.09.2011,0.00
02.09.2011,0.00
01.09.2011,0.00
31.08.2011,0.00
30.08.2011,0.01
29.08.2011,0.00
28.08.2011,0.00
27.08.2011,0.00
26.08.2011,0.00
25.08.2011,0.00
24.08.2011,0.00
23.08.2011,0.00
22.08.2011,0.00
21.08.2011,0.00
20.08.2011,0.00
19.08.2011,0.00
18.08.2011,0.00
17.08.2011,0.00
16.08.2011,0.00
15.08.2011,0.00
14.08.2011,0.00
13.08.2011,0.00
12.08.2011,1.38
11.08.2011,11.68
10.08.2011,0.00
09.08.2011,0.00
08.08.2011,0.00
07.08.2011,0.04
06.08.2011,0.00
05.08.2011,0.00
04.08.2011,0.00
03.08.2011,0.70
02.08.2011,1.78
01.08.2011,0.00
31.07.2011,0.00
30.07.2011,02.01
29.07.2011,0.00
28.07.2011,0.00
27.07.2011,0.00
26.07.2011,0.59
25.07.2011,0.00
24.07.2011,0.04
23.07.2011,0.00
22.07.2011,0.01
21.07.2011,0.02
20.07.2011,0.00
19.07.2011,0.00
18.07.2011,0.00
17.07.2011,0.00
16.07.2011,0.00
15.07.2011,0.01
14.07.2011,0.00
13.07.2011,0.15
12.07.2011,0.00
11.07.2011,0.00
10.07.2011,0.00
09.07.2011,0.00
08.07.2011,0.00
07.07.2011,0.00
06.07.2011,0.76
05.07.2011,0.00
04.07.2011,1.22
03.07.2011,1.35
02.07.2011,01.07
01.07.2011,6.94
30.06.2011,0.20
29.06.2011,1.43
28.06.2011,0.67
27.06.2011,0.40
26.06.2011,0.86
25.06.2011,0.00
24.06.2011,0.00
23.06.2011,0.00
22.06.2011,0.00
21.06.2011,0.00
20.06.2011,0.00
19.06.2011,0.00
18.06.2011,0.65
17.06.2011,2.14
16.06.2011,0.01
15.06.2011,0.00
14.06.2011,0.30
13.06.2011,2.18
12.06.2011,41.45
11.06.2011,19.84
10.06.2011,5.50
09.06.2011,0.06
08.06.2011,0.00
07.06.2011,0.00
06.06.2011,0.00
05.06.2011,0.00
04.06.2011,0.00
03.06.2011,0.26
02.06.2011,0.00
01.06.2011,0.02
31.05.2011,0.88
30.05.2011,1.22
29.05.2011,0.59
28.05.2011,0.00
27.05.2011,0.00
26.05.2011,0.01
25.05.2011,0.84
24.05.2011,0.00
23.05.2011,0.00
22.05.2011,0.00
21.05.2011,0.01
20.05.2011,0.00
19.05.2011,2.73
18.05.2011,8.88
17.05.2011,1.79
16.05.2011,0.00
15.05.2011,0.00
14.05.2011,0.00
13.05.2011,0.99
12.05.2011,0.00
11.05.2011,0.00
10.05.2011,0.04
09.05.2011,0.03
08.05.2011,0.27
07.05.2011,0.00
06.05.2011,4.41
05.05.2011,0.74
04.05.2011,7.49
03.05.2011,7.44
02.05.2011,5.50
01.05.2011,0.40
30.04.2011,0.04
29.04.2011,0.30
28.04.2011,0.01
27.04.2011,2.17
26.04.2011,0.00
25.04.2011,0.03
24.04.2011,0.00
23.04.2011,0.01
22.04.2011,0.01
21.04.2011,0.00
20.04.2011,1.78
19.04.2011,0.11
18.04.2011,0.89
17.04.2011,0.25
16.04.2011,0.06
15.04.2011,0.00
14.04.2011,0.10
13.04.2011,0.05
12.04.2011,0.00
11.04.2011,2.49
10.04.2011,1.77
09.04.2011,0.00
08.04.2011,1.88
07.04.2011,0.07
06.04.2011,0.60
05.04.2011,0.29
04.04.2011,0.00
03.04.2011,0.00
02.04.2011,5.99
01.04.2011,0.01
31.03.2011,0.01
30.03.2011,3.17
29.03.2011,4.54
28.03.2011,1.63
27.03.2011,02.09
26.03.2011,0.00
25.03.2011,0.00
24.03.2011,0.26
23.03.2011,0.05
22.03.2011,0.39
21.03.2011,0.81
20.03.2011,0.30
19.03.2011,1.57
18.03.2011,3.14
17.03.2011,0.06
16.03.2011,0.00
15.03.2011,0.00
14.03.2011,0.00
13.03.2011,0.00
12.03.2011,0.00
11.03.2011,0.16
10.03.2011,5.78
09.03.2011,03.05
08.03.2011,0.00
07.03.2011,0.00
06.03.2011,1.12
05.03.2011,0.92
04.03.2011,0.51
03.03.2011,1.27
02.03.2011,0.43
01.03.2011,0.20
28.02.2011,0.21
27.02.2011,0.90
26.02.2011,01.01
25.02.2011,0.74
24.02.2011,0.49
23.02.2011,1.75
22.02.2011,0.25
21.02.2011,0.14
20.02.2011,1.38
19.02.2011,0.00
18.02.2011,2.16
17.02.2011,0.04
16.02.2011,0.09
15.02.2011,0.10
14.02.2011,0.09
13.02.2011,0.00
12.02.2011,2.37
11.02.2011,0.00
10.02.2011,0.00
09.02.2011,0.00
08.02.2011,0.00
07.02.2011,0.00
06.02.2011,0.00
05.02.2011,0.00
04.02.2011,0.00
03.02.2011,0.00
02.02.2011,0.00
01.02.2011,0.68
31.01.2011,0.18
30.01.2011,1.40
29.01.2011,0.92
28.01.2011,0.00
27.01.2011,0.10
26.01.2011,1.94
25.01.2011,2.53
24.01.2011,2.14
23.01.2011,1.30
22.01.2011,0.22
21.01.2011,0.00
20.01.2011,0.00
19.01.2011,0.00
18.01.2011,0.00
17.01.2011,0.23
16.01.2011,4.28
15.01.2011,0.00
14.01.2011,0.00
13.01.2011,0.00
12.01.2011,0.00
11.01.2011,0.00
10.01.2011,0.00
09.01.2011,0.05
08.01.2011,0.00
07.01.2011,0.44
06.01.2011,01.06
05.01.2011,0.72
04.01.2011,2.83
03.01.2011,2.12
02.01.2011,0.00
01.01.2011,0.00
31.12.2010,0.00
30.12.2010,0.00
29.12.2010,1.76
28.12.2010,6.40
27.12.2010,11.67
26.12.2010,11.74
25.12.2010,0.14
24.12.2010,0.00
23.12.2010,0.00
22.12.2010,0.00
21.12.2010,0.30
20.12.2010,0.30
19.12.2010,3.38
18.12.2010,0.00
17.12.2010,1.74
16.12.2010,0.00
15.12.2010,0.00
14.12.2010,0.00
13.12.2010,0.01
12.12.2010,0.01
11.12.2010,1.84
10.12.2010,12.21
09.12.2010,1.17
08.12.2010,0.00
07.12.2010,0.00
06.12.2010,0.10
05.12.2010,5.65
04.12.2010,0.00
03.12.2010,0.00
02.12.2010,0.11
01.12.2010,0.00
30.11.2010,0.00
29.11.2010,0.00
28.11.2010,0.02
27.11.2010,5.15
26.11.2010,0.73
25.11.2010,5.43
24.11.2010,0.35
23.11.2010,06.04
22.11.2010,0.00
21.11.2010,0.00
20.11.2010,0.00
19.11.2010,0.00
18.11.2010,0.24
17.11.2010,0.00
16.11.2010,0.00
15.11.2010,0.00
14.11.2010,0.73
13.11.2010,0.00
12.11.2010,0.00
11.11.2010,0.00
10.11.2010,0.00
09.11.2010,0.00
08.11.2010,1.71
07.11.2010,0.00
06.11.2010,0.00
05.11.2010,0.00
04.11.2010,0.00
03.11.2010,0.00
02.11.2010,0.00
01.11.2010,0.00
31.10.2010,0.00
30.10.2010,0.06
29.10.2010,3.82
28.10.2010,20.10
27.10.2010,2.44
26.10.2010,2.54
25.10.2010,0.00
24.10.2010,0.00
23.10.2010,0.22
22.10.2010,0.15
21.10.2010,1.74
20.10.2010,0.07
19.10.2010,1.70
18.10.2010,9.70
17.10.2010,9.20
16.10.2010,0.00
15.10.2010,0.89
14.10.2010,10.16
13.10.2010,6.24
12.10.2010,0.51
11.10.2010,0.00
10.10.2010,1.22
09.10.2010,3.97
08.10.2010,6.68
07.10.2010,0.69
06.10.2010,0.49
05.10.2010,0.00
04.10.2010,0.02
03.10.2010,01.02
02.10.2010,0.24
01.10.2010,0.31
30.09.2010,1.55
29.09.2010,1.52
28.09.2010,0.00
27.09.2010,0.00
26.09.2010,2.51
25.09.2010,1.85
24.09.2010,2.75
23.09.2010,1.27
22.09.2010,0.19
21.09.2010,1.11
20.09.2010,0.20
19.09.2010,0.00
18.09.2010,0.00
17.09.2010,0.02
16.09.2010,0.00
15.09.2010,0.00
14.09.2010,0.06
13.09.2010,0.29
12.09.2010,11.99
11.09.2010,0.60
10.09.2010,0.03
09.09.2010,0.00
08.09.2010,0.00
07.09.2010,0.00
06.09.2010,3.65
05.09.2010,7.72
04.09.2010,0.04
03.09.2010,0.00
02.09.2010,0.19
01.09.2010,2.40
31.08.2010,0.73
30.08.2010,1.35
29.08.2010,0.11
28.08.2010,0.00
27.08.2010,0.00
26.08.2010,0.00
25.08.2010,0.00
24.08.2010,0.00
23.08.2010,0.07
22.08.2010,0.30
21.08.2010,0.12
20.08.2010,0.00
19.08.2010,0.00
18.08.2010,0.00
17.08.2010,0.00
16.08.2010,0.01
15.08.2010,0.00
14.08.2010,0.00
13.08.2010,0.00
12.08.2010,0.00
11.08.2010,0.00
10.08.2010,0.00
09.08.2010,0.00
08.08.2010,0.00
07.08.2010,0.00
06.08.2010,0.00
05.08.2010,0.00
04.08.2010,0.00
03.08.2010,0.00
02.08.2010,0.00
01.08.2010,0.03
31.07.2010,0.03
30.07.2010,0.00
29.07.2010,0.01
28.07.2010,0.31
27.07.2010,1.00
26.07.2010,0.22
25.07.2010,0.00
24.07.2010,0.00
23.07.2010,0.00
22.07.2010,0.19
21.07.2010,2.76
20.07.2010,1.84
19.07.2010,0.00
18.07.2010,0.00
17.07.2010,0.00
16.07.2010,0.00
15.07.2010,1.63
14.07.2010,0.00
13.07.2010,0.00
12.07.2010,0.00
11.07.2010,0.00
10.07.2010,4.00
09.07.2010,1.22
08.07.2010,3.45
07.07.2010,0.00
06.07.2010,0.00
05.07.2010,0.00
04.07.2010,0.00
03.07.2010,0.00
02.07.2010,0.00
01.07.2010,0.00
30.06.2010,0.00
29.06.2010,0.00
28.06.2010,0.00
27.06.2010,0.00
26.06.2010,0.00
25.06.2010,0.36
24.06.2010,5.37
23.06.2010,8.15
22.06.2010,0.45
21.06.2010,0.01
20.06.2010,0.57
19.06.2010,0.00
18.06.2010,0.46
17.06.2010,0.16
16.06.2010,0.00
15.06.2010,0.00
14.06.2010,0.00
13.06.2010,0.00
12.06.2010,0.00
11.06.2010,0.00
10.06.2010,0.00
09.06.2010,5.30
08.06.2010,11.95
07.06.2010,5.22
06.06.2010,02.07
05.06.2010,0.91
04.06.2010,0.00
03.06.2010,0.00
02.06.2010,2.94
01.06.2010,0.00
31.05.2010,0.00
30.05.2010,0.06
29.05.2010,0.89
28.05.2010,0.00
27.05.2010,0.00
26.05.2010,0.00
25.05.2010,0.00
24.05.2010,0.00
23.05.2010,4.31
22.05.2010,0.23
21.05.2010,0.05
20.05.2010,4.21
19.05.2010,0.52
18.05.2010,5.33
17.05.2010,0.14
16.05.2010,0.00
15.05.2010,0.00
14.05.2010,0.00
13.05.2010,0.15
12.05.2010,0.00
11.05.2010,0.00
10.05.2010,0.00
09.05.2010,0.04
08.05.2010,0.00
07.05.2010,0.18
06.05.2010,0.00
05.05.2010,0.00
04.05.2010,0.00
03.05.2010,0.00
02.05.2010,0.00
01.05.2010,0.00
30.04.2010,0.00
29.04.2010,0.00
28.04.2010,0.00
27.04.2010,0.31
26.04.2010,0.15
25.04.2010,0.00
24.04.2010,0.00
23.04.2010,0.00
22.04.2010,0.00
21.04.2010,0.73
20.04.2010,3.99
19.04.2010,1.12
18.04.2010,7.67
17.04.2010,0.84
16.04.2010,0.00
15.04.2010,0.00
14.04.2010,0.00
13.04.2010,0.00
12.04.2010,0.00
11.04.2010,0.00
10.04.2010,0.00
09.04.2010,0.00
08.04.2010,1.26
07.04.2010,08.08
06.04.2010,3.45
05.04.2010,0.00
04.04.2010,0.00
03.04.2010,0.08
02.04.2010,0.91
01.04.2010,1.31
31.03.2010,0.04
30.03.2010,0.21
29.03.2010,7.28
28.03.2010,7.41
27.03.2010,0.00
26.03.2010,0.00
25.03.2010,0.01
24.03.2010,0.10
23.03.2010,0.00
22.03.2010,0.00
21.03.2010,0.00
20.03.2010,0.00
19.03.2010,0.00
18.03.2010,0.00
17.03.2010,0.31
16.03.2010,0.06
15.03.2010,0.28
14.03.2010,0.26
13.03.2010,0.40
12.03.2010,0.89
11.03.2010,0.55
10.03.2010,1.11
09.03.2010,1.58
08.03.2010,7.94
07.03.2010,0.00
06.03.2010,5.29
05.03.2010,3.46
04.03.2010,0.36
03.03.2010,0.92
02.03.2010,7.14
01.03.2010,0.51
28.02.2010,0.71
27.02.2010,0.64
26.02.2010,0.28
25.02.2010,0.00
24.02.2010,1.29
23.02.2010,1.77
22.02.2010,0.00
21.02.2010,02.06
20.02.2010,0.00
19.02.2010,0.00
18.02.2010,5.18
17.02.2010,3.75
16.02.2010,0.00
15.02.2010,2.24
14.02.2010,0.51
13.02.2010,7.47
12.02.2010,1.99
11.02.2010,0.00
10.02.2010,0.07
09.02.2010,0.00
08.02.2010,1.20
07.02.2010,1.29
06.02.2010,0.00
05.02.2010,0.14
04.02.2010,1.18
03.02.2010,2.45
02.02.2010,12.11
01.02.2010,9.74
31.01.2010,0.14
30.01.2010,0.81
29.01.2010,0.96
28.01.2010,0.21
27.01.2010,1.67
26.01.2010,0.61
25.01.2010,1.66
24.01.2010,3.10
23.01.2010,6.63
22.01.2010,0.00
21.01.2010,0.01
20.01.2010,0.64
19.01.2010,8.87
18.01.2010,0.26
17.01.2010,0.85
16.01.2010,0.07
15.01.2010,0.00
14.01.2010,0.05
13.01.2010,2.50
12.01.2010,0.15
11.01.2010,0.50
10.01.2010,1.50
09.01.2010,0.00
08.01.2010,0.00
07.01.2010,0.16
06.01.2010,0.00
05.01.2010,0.56
04.01.2010,0.45
03.01.2010,04.09
02.01.2010,3.71
01.01.2010,0.06
31.12.2009,0.01
30.12.2009,0.00
29.12.2009,0.00
28.12.2009,0.00
27.12.2009,3.40
26.12.2009,2.00
25.12.2009,0.85
24.12.2009,0.01
23.12.2009,0.00
22.12.2009,0.00
21.12.2009,0.00
20.12.2009,13.13
19.12.2009,0.06
18.12.2009,3.89
17.12.2009,0.71
16.12.2009,0.00
15.12.2009,0.00
14.12.2009,0.00
13.12.2009,7.96
12.12.2009,0.62
11.12.2009,3.31
10.12.2009,0.00
09.12.2009,0.07
08.12.2009,0.12
07.12.2009,0.22
06.12.2009,0.87
05.12.2009,0.00
04.12.2009,0.00
03.12.2009,0.00
02.12.2009,0.00
01.12.2009,0.00
30.11.2009,0.00
29.11.2009,0.56
28.11.2009,0.00
27.11.2009,0.00
26.11.2009,0.00
25.11.2009,0.00
24.11.2009,0.00
23.11.2009,0.00
22.11.2009,0.00
21.11.2009,0.00
20.11.2009,0.00
19.11.2009,0.00
18.11.2009,0.00
17.11.2009,1.39
16.11.2009,2.52
15.11.2009,0.41
14.11.2009,0.00
13.11.2009,0.50
12.11.2009,4.97
11.11.2009,4.32
10.11.2009,0.00
09.11.2009,0.00
08.11.2009,0.00
07.11.2009,0.00
06.11.2009,0.00
05.11.2009,0.00
04.11.2009,1.99
03.11.2009,1.12
02.11.2009,2.87
01.11.2009,2.92
31.10.2009,9.78
30.10.2009,03.05
29.10.2009,0.01
28.10.2009,0.18
27.10.2009,0.05
26.10.2009,0.00
25.10.2009,0.01
24.10.2009,0.00
23.10.2009,0.00
22.10.2009,0.00
21.10.2009,0.34
20.10.2009,0.24
19.10.2009,0.01
18.10.2009,1.18
17.10.2009,9.35
16.10.2009,0.28
15.10.2009,0.00
14.10.2009,0.00
13.10.2009,2.30
12.10.2009,0.00
11.10.2009,0.00
10.10.2009,0.00
09.10.2009,0.00
08.10.2009,0.00
07.10.2009,0.00
06.10.2009,0.00
05.10.2009,0.08
04.10.2009,1.89
03.10.2009,0.11
02.10.2009,0.00
01.10.2009,0.00
30.09.2009,0.00
29.09.2009,0.00
28.09.2009,0.00
27.09.2009,0.03
26.09.2009,0.00
25.09.2009,0.00
24.09.2009,0.00
23.09.2009,0.00
22.09.2009,1.15
21.09.2009,1.50
20.09.2009,1.68
19.09.2009,1.38
18.09.2009,0.00
17.09.2009,0.00
16.09.2009,0.00
15.09.2009,0.44
14.09.2009,0.01
13.09.2009,4.62
12.09.2009,4.41
11.09.2009,0.79
10.09.2009,5.90
09.09.2009,13.26
08.09.2009,10.07
07.09.2009,1.50
06.09.2009,0.00
05.09.2009,0.00
04.09.2009,0.00
03.09.2009,0.00
02.09.2009,0.00
01.09.2009,4.25
31.08.2009,0.00
30.08.2009,0.00
29.08.2009,0.00
28.08.2009,0.00
27.08.2009,0.00
26.08.2009,0.00
25.08.2009,0.00
24.08.2009,0.00
23.08.2009,0.00
22.08.2009,0.00
21.08.2009,0.00
20.08.2009,0.00
19.08.2009,0.00
18.08.2009,0.00
17.08.2009,0.00
16.08.2009,0.02
15.08.2009,0.00
14.08.2009,0.00
13.08.2009,0.00
12.08.2009,0.00
11.08.2009,0.00
10.08.2009,0.00
09.08.2009,0.00
08.08.2009,2.59
07.08.2009,2.23
06.08.2009,0.06
05.08.2009,0.00
04.08.2009,0.00
03.08.2009,0.00
02.08.2009,0.87
01.08.2009,0.83
31.07.2009,0.03
30.07.2009,0.00
29.07.2009,0.00
28.07.2009,0.00
27.07.2009,0.97
26.07.2009,0.29
25.07.2009,0.00
24.07.2009,0.00
23.07.2009,0.00
22.07.2009,0.00
21.07.2009,0.00
20.07.2009,0.00
19.07.2009,0.00
18.07.2009,0.00
17.07.2009,0.00
16.07.2009,1.93
15.07.2009,1.00
14.07.2009,0.79
13.07.2009,2.49
12.07.2009,0.95
11.07.2009,0.04
10.07.2009,0.26
09.07.2009,0.19
08.07.2009,0.00
07.07.2009,0.00
06.07.2009,0.00
05.07.2009,0.04
04.07.2009,0.00
03.07.2009,0.00
02.07.2009,0.00
01.07.2009,0.00
30.06.2009,0.00
29.06.2009,0.00
28.06.2009,0.09
27.06.2009,0.00
26.06.2009,0.68
25.06.2009,0.00
24.06.2009,0.45
23.06.2009,0.13
22.06.2009,0.00
21.06.2009,0.06
20.06.2009,0.00
19.06.2009,0.00
18.06.2009,0.01
17.06.2009,0.24
16.06.2009,0.00
15.06.2009,0.00
14.06.2009,0.00
13.06.2009,0.00
12.06.2009,0.20
11.06.2009,0.00
10.06.2009,0.00
09.06.2009,0.00
08.06.2009,0.00
07.06.2009,0.00
06.06.2009,0.00
05.06.2009,0.00
04.06.2009,09.02
03.06.2009,0.03
02.06.2009,0.00
01.06.2009,0.00
31.05.2009,0.02
30.05.2009,0.00
29.05.2009,0.00
28.05.2009,0.00
27.05.2009,0.00
26.05.2009,0.00
25.05.2009,0.00
24.05.2009,0.05
23.05.2009,1.69
22.05.2009,0.00
21.05.2009,0.02
20.05.2009,0.07
19.05.2009,0.17
18.05.2009,0.02
17.05.2009,0.30
16.05.2009,0.00
15.05.2009,0.00
14.05.2009,0.00
13.05.2009,0.09
12.05.2009,0.00
11.05.2009,0.00
10.05.2009,0.00
09.05.2009,0.00
08.05.2009,0.29
07.05.2009,0.35
06.05.2009,0.00
05.05.2009,0.00
04.05.2009,0.00
03.05.2009,0.00
02.05.2009,2.52
01.05.2009,2.23
30.04.2009,0.32
29.04.2009,2.54
28.04.2009,0.01
27.04.2009,1.25
26.04.2009,0.87
25.04.2009,0.00
24.04.2009,0.00
23.04.2009,0.48
22.04.2009,3.63
21.04.2009,0.00
20.04.2009,0.03
19.04.2009,0.00
18.04.2009,0.00
17.04.2009,0.87
16.04.2009,0.45
15.04.2009,2.89
14.04.2009,1.23
13.04.2009,0.03
12.04.2009,0.00
11.04.2009,0.00
10.04.2009,0.00
09.04.2009,0.00
08.04.2009,0.00
07.04.2009,0.40
06.04.2009,4.12
05.04.2009,0.00
04.04.2009,0.00
03.04.2009,0.00
02.04.2009,0.14
01.04.2009,0.00
31.03.2009,0.00
30.03.2009,0.00
29.03.2009,0.00
28.03.2009,0.00
27.03.2009,0.13
26.03.2009,1.26
25.03.2009,0.65
24.03.2009,0.00
23.03.2009,0.82
22.03.2009,5.22
21.03.2009,0.20
20.03.2009,0.02
19.03.2009,1.98
18.03.2009,0.61
17.03.2009,3.68
16.03.2009,0.17
15.03.2009,1.16
14.03.2009,5.47
13.03.2009,7.84
12.03.2009,7.59
11.03.2009,1.39
10.03.2009,7.61
09.03.2009,0.00
08.03.2009,01.01
07.03.2009,4.83
06.03.2009,3.21
05.03.2009,0.33
04.03.2009,0.00
03.03.2009,0.98
02.03.2009,2.30
01.03.2009,0.26
28.02.2009,0.58
27.02.2009,3.75
26.02.2009,2.80
25.02.2009,0.00
24.02.2009,01.06
23.02.2009,1.36
22.02.2009,1.61
21.02.2009,4.21
20.02.2009,0.06
19.02.2009,0.00
18.02.2009,0.03
17.02.2009,0.41
16.02.2009,2.64
15.02.2009,4.50
14.02.2009,0.00
13.02.2009,2.92
12.02.2009,11.81
11.02.2009,3.77
10.02.2009,4.89
09.02.2009,3.37
08.02.2009,9.12
07.02.2009,0.83
06.02.2009,0.09
05.02.2009,0.23
04.02.2009,0.03
03.02.2009,0.13
02.02.2009,0.00
01.02.2009,0.02
31.01.2009,0.85
30.01.2009,1.64
29.01.2009,0.22
28.01.2009,0.05
27.01.2009,0.00
26.01.2009,01.04
25.01.2009,0.31
24.01.2009,0.00
23.01.2009,0.00
22.01.2009,0.00
21.01.2009,0.00
20.01.2009,0.00
19.01.2009,0.05
18.01.2009,0.00
17.01.2009,1.20
16.01.2009,0.00
15.01.2009,0.00
14.01.2009,0.91
13.01.2009,0.00
12.01.2009,0.00
11.01.2009,0.90
10.01.2009,0.00
09.01.2009,1.26
08.01.2009,03.06
07.01.2009,0.23
06.01.2009,2.71
05.01.2009,4.32
04.01.2009,2.91
03.01.2009,0.08
02.01.2009,4.48
01.01.2009,0.23